,Alamance County,Alexander County,Alleghany County,Anson County,Ashe County,Avery County,Beaufort County,Bertie County,Bladen County,Brunswick County,Buncombe County,Burke County,Cabarrus County,Caldwell County,Camden County,Carteret County,Caswell County,Catawba County,Chatham County,Cherokee County,Chowan County,Clay County,Cleveland County,Columbus County,Craven County,Cumberland County,Currituck County,Dare County,Davidson County,Davie County,Duplin County,Durham County,Edgecombe County,Forsyth County,Franklin County,Gaston County,Gates County,Graham County,Granville County,Greene County,Guilford County,Halifax County,Harnett County,Haywood County,Henderson County,Hertford County,Hoke County,Hyde County,Iredell County,Jackson County,Johnston County,Jones County,Lee County,Lenoir County,Lincoln County,Macon County,Madison County,Martin County,McDowell County,Mecklenburg County,Mitchell County,Montgomery County,Moore County,Nash County,New Hanover County,Northampton County,Onslow County,Orange County,Pamlico County,Pasquotank County,Pender County,Perquimans County,Person County,Pitt County,Polk County,Randolph County,Richmond County,Robeson County,Rockingham County,Rowan County,Rutherford County,Sampson County,Scotland County,Stanly County,Stokes County,Surry County,Swain County,Transylvania County,Tyrrell County,Union County,Vance County,Wake County,Warren County,Washington County,Watauga County,Wayne County,Wilkes County,Wilson County,Yadkin County,Yancey County,,,,,,,,,
"Population estimates, July 1, 2019,  (V2019)","169,509","37,497","11,137","24,446","27,203","17,557","46,994","18,947","32,722","142,820","261,191","90,485","216,453","82,178","10,867","69,473","22,604","159,551","74,470","28,612","13,943","11,231","97,947","55,508","102,139","335,509","27,763","37,009","167,609","42,846","58,741","321,488","51,472","382,295","69,685","224,529","11,562","8,441","60,443","21,069","537,174","50,010","135,976","62,317","117,417","23,677","55,234","4,937","181,806","43,938","209,339","9,419","61,779","55,949","86,111","35,858","21,755","22,440","45,756","1,110,356","14,964","27,173","100,880","94,298","234,473","19,483","197,938","148,476","12,726","39,824","63,060","13,463","39,490","180,742","20,724","143,667","44,829","130,625","91,010","142,088","67,029","63,531","34,823","62,806","45,591","71,783","14,271","34,385","4,016","239,859","44,535","1,111,761","19,731","11,580","56,177","123,131","68,412","81,801","37,667","18,069",,,,,,,,,
"Population estimates base, April 1, 2010,  (V2019)","151,155","37,182","11,152","26,929","27,240","17,807","47,784","21,275","35,170","107,429","238,330","90,837","178,121","83,058","9,980","66,463","23,731","154,717","63,485","27,447","14,793","10,590","98,032","58,124","103,498","319,431","23,547","33,920","162,822","41,221","58,417","270,001","56,539","350,638","60,563","206,098","12,185","8,858","57,538","21,353","488,454","54,624","114,691","59,032","106,719","24,677","46,889","5,817","159,464","40,270","168,878","10,167","57,849","59,507","78,014","33,925","20,782","24,515","45,002","919,664","15,581","27,782","88,250","95,829","202,683","22,106","177,801","133,693","13,143","40,661","52,196","13,452","39,476","168,176","20,516","141,824","46,647","134,229","93,645","138,494","67,819","63,471","36,160","60,586","47,413","73,749","13,978","33,089","4,407","201,332","45,408","901,052","21,028","13,193","51,061","122,661","69,310","81,224","38,409","17,817",,,,,,,,,
"Population, percent change - April 1, 2010 (estimates base) to July 1, 2019,  (V2019)",12.10%,0.80%,-0.10%,-9.20%,-0.10%,-1.40%,-1.70%,-10.90%,-7.00%,32.90%,9.60%,-0.40%,21.50%,-1.10%,8.90%,4.50%,-4.70%,3.10%,17.30%,4.20%,-5.70%,6.10%,-0.10%,-4.50%,-1.30%,5.00%,17.90%,9.10%,2.90%,3.90%,0.60%,19.10%,-9.00%,9.00%,15.10%,8.90%,-5.10%,-4.70%,5.00%,-1.30%,10.00%,-8.40%,18.60%,5.60%,10.00%,-4.10%,17.80%,-15.10%,14.00%,9.10%,24.00%,-7.40%,6.80%,-6.00%,10.40%,5.70%,4.70%,-8.50%,1.70%,20.70%,-4.00%,-2.20%,14.30%,-1.60%,15.70%,-11.90%,11.30%,11.10%,-3.20%,-2.10%,20.80%,0.10%,0.00%,7.50%,1.00%,1.30%,-3.90%,-2.70%,-2.80%,2.60%,-1.20%,0.10%,-3.70%,3.70%,-3.80%,-2.70%,2.10%,3.90%,-8.90%,19.10%,-1.90%,23.40%,-6.20%,-12.20%,10.00%,0.40%,-1.30%,0.70%,-1.90%,1.40%,,,,,,,,,
"Population, Census, April 1, 2010","151,131","37,198","11,155","26,948","27,281","17,797","47,759","21,282","35,190","107,431","238,318","90,912","178,011","83,029","9,980","66,469","23,719","154,358","63,505","27,444","14,793","10,587","98,078","58,098","103,505","319,431","23,547","33,920","162,878","41,240","58,505","267,587","56,552","350,670","60,619","206,086","12,197","8,861","59,916","21,362","488,406","54,691","114,678","59,036","106,740","24,669","46,952","5,810","159,437","40,271","168,878","10,153","57,866","59,495","78,265","33,922","20,764","24,505","44,996","919,628","15,579","27,798","88,247","95,840","202,667","22,099","177,772","133,801","13,144","40,661","52,217","13,453","39,464","168,148","20,510","141,752","46,639","134,168","93,643","138,428","67,810","63,431","36,157","60,585","47,401","73,673","13,981","33,090","4,407","201,292","45,422","900,993","20,972","13,228","51,079","122,623","69,340","81,234","38,406","17,818",,,,,,,,,
"Persons under 5 years, percent",5.90%,5.00%,4.60%,5.30%,3.90%,3.70%,4.80%,4.30%,4.90%,3.70%,4.80%,4.80%,6.40%,5.10%,5.00%,4.00%,4.90%,5.60%,4.80%,4.20%,5.00%,4.40%,5.70%,5.20%,6.20%,7.50%,5.60%,4.40%,5.50%,4.90%,6.20%,6.30%,5.70%,5.80%,5.60%,5.90%,4.60%,4.80%,5.10%,5.00%,5.80%,5.50%,7.30%,4.90%,4.80%,4.50%,8.30%,3.70%,5.50%,4.40%,6.20%,4.90%,6.30%,5.60%,5.20%,4.80%,4.70%,5.50%,5.00%,6.60%,4.80%,5.20%,5.90%,5.60%,4.70%,4.70%,8.70%,4.40%,3.70%,6.10%,5.70%,4.50%,5.30%,5.70%,3.80%,5.60%,6.10%,6.60%,5.10%,5.80%,5.10%,6.50%,6.60%,5.80%,4.50%,5.30%,6.10%,4.00%,4.70%,5.60%,6.20%,6.00%,4.50%,5.10%,3.30%,6.60%,5.10%,5.90%,5.20%,4.70%,,,,,,,,,
"Persons under 18 years, percent",22.00%,19.90%,17.00%,19.80%,17.40%,14.70%,19.80%,17.40%,20.30%,14.70%,18.20%,18.40%,25.40%,19.90%,22.60%,17.20%,18.70%,21.90%,19.90%,16.50%,19.90%,16.70%,21.90%,20.70%,21.30%,24.70%,21.90%,18.70%,21.70%,20.90%,23.80%,20.40%,22.50%,22.70%,21.80%,22.40%,20.20%,19.80%,20.50%,19.90%,22.10%,21.20%,25.70%,18.20%,18.70%,18.50%,27.10%,17.00%,22.70%,16.40%,25.20%,18.20%,23.70%,22.40%,21.10%,18.40%,17.50%,20.20%,20.00%,23.30%,18.30%,21.70%,21.40%,21.80%,18.20%,17.20%,24.60%,19.20%,15.10%,22.00%,22.20%,18.60%,20.60%,21.20%,15.70%,22.20%,23.00%,24.70%,20.10%,22.10%,20.30%,24.30%,23.10%,21.50%,18.50%,20.90%,22.00%,15.40%,18.10%,26.40%,23.40%,23.60%,17.90%,19.90%,12.70%,23.60%,20.10%,22.70%,20.80%,18.20%,,,,,,,,,
"Persons 65 years and over, percent",17.10%,20.40%,28.00%,19.30%,26.60%,22.90%,24.60%,23.60%,22.80%,32.60%,20.50%,20.70%,13.40%,20.40%,16.90%,25.70%,22.10%,18.30%,25.00%,30.50%,25.30%,31.90%,19.00%,20.60%,19.70%,12.20%,16.40%,22.20%,18.50%,21.70%,19.40%,13.60%,20.40%,16.40%,17.10%,16.30%,20.90%,24.50%,17.70%,17.00%,15.50%,21.40%,12.80%,25.00%,26.40%,20.40%,10.60%,22.60%,16.20%,19.90%,13.60%,24.00%,16.80%,20.20%,17.90%,28.90%,23.10%,23.90%,20.80%,11.50%,25.50%,21.10%,24.00%,19.00%,18.40%,27.00%,9.60%,14.60%,30.40%,17.20%,18.60%,27.30%,20.10%,13.90%,32.10%,18.10%,18.30%,15.70%,20.90%,17.90%,22.20%,18.30%,18.80%,19.30%,21.80%,20.80%,19.60%,31.40%,20.20%,13.00%,19.10%,12.00%,26.20%,25.30%,16.40%,16.90%,22.20%,18.70%,20.50%,26.30%,,,,,,,,,
"Female persons, percent",52.50%,49.00%,50.40%,48.70%,51.00%,45.80%,52.50%,49.30%,52.50%,52.30%,52.10%,50.00%,51.20%,50.50%,50.10%,51.00%,49.20%,51.10%,52.20%,51.30%,52.40%,51.40%,51.90%,50.40%,49.50%,50.40%,50.20%,50.90%,51.10%,51.20%,51.20%,52.30%,53.80%,52.70%,50.50%,51.70%,50.50%,50.00%,49.20%,45.20%,52.70%,51.80%,50.50%,51.70%,52.00%,50.20%,50.70%,46.60%,50.80%,50.80%,51.00%,51.40%,51.20%,52.20%,50.40%,51.50%,50.70%,53.00%,50.20%,51.90%,50.60%,51.10%,51.70%,52.10%,52.40%,51.00%,45.10%,52.30%,49.10%,51.10%,50.20%,52.10%,51.70%,53.10%,52.10%,50.70%,51.00%,51.80%,51.70%,50.60%,51.70%,50.80%,50.40%,50.10%,51.00%,51.30%,52.10%,51.80%,43.60%,50.70%,53.30%,51.40%,50.50%,52.80%,50.20%,51.30%,50.90%,52.60%,50.50%,50.80%,,,,,,,,,
"White alone, percent",73.60%,90.80%,95.40%,47.40%,96.90%,92.90%,72.00%,36.20%,60.80%,86.50%,89.40%,86.10%,72.40%,91.50%,82.70%,90.10%,64.50%,83.90%,82.20%,93.60%,62.60%,95.90%,75.80%,63.10%,71.80%,51.10%,90.50%,93.80%,85.60%,90.00%,70.40%,54.00%,39.70%,66.60%,70.10%,77.60%,65.30%,88.60%,64.50%,58.70%,56.00%,39.90%,71.30%,95.90%,92.50%,35.50%,49.00%,70.10%,82.30%,85.20%,78.80%,67.10%,74.70%,55.40%,91.30%,95.10%,96.10%,55.30%,92.30%,57.30%,96.00%,76.40%,83.10%,54.70%,82.20%,40.40%,76.20%,76.90%,77.60%,58.50%,81.50%,74.60%,70.00%,59.10%,92.80%,88.80%,61.30%,30.60%,77.50%,79.40%,87.00%,66.60%,44.60%,84.40%,93.70%,92.90%,63.10%,93.40%,56.70%,81.10%,45.10%,67.90%,40.50%,47.70%,94.80%,62.80%,92.70%,55.80%,93.90%,96.40%,,,,,,,,,
"Black or African American alone, percent",20.90%,5.90%,1.80%,48.50%,1.00%,4.70%,24.80%,61.10%,34.00%,10.00%,6.30%,6.90%,19.60%,5.20%,11.50%,5.60%,32.30%,8.90%,12.40%,1.60%,34.40%,1.30%,20.80%,30.60%,21.40%,39.10%,5.80%,2.80%,10.10%,6.50%,25.50%,36.90%,57.80%,27.50%,25.90%,17.90%,31.20%,0.50%,31.90%,36.80%,35.40%,53.80%,21.90%,1.40%,3.40%,61.00%,35.50%,26.70%,12.30%,2.40%,17.00%,29.30%,20.00%,41.40%,5.80%,1.70%,1.50%,42.10%,4.20%,33.00%,0.80%,19.00%,12.00%,41.30%,13.40%,57.20%,15.80%,11.80%,18.90%,36.60%,14.70%,22.70%,26.80%,35.90%,4.20%,6.60%,31.90%,23.60%,19.00%,16.90%,9.90%,26.60%,38.90%,11.40%,4.10%,4.20%,1.20%,3.50%,38.10%,12.50%,51.50%,21.00%,51.40%,48.90%,1.90%,32.40%,4.70%,40.50%,3.40%,1.10%,,,,,,,,,
"American Indian and Alaska Native alone, percent",1.50%,0.50%,0.50%,0.90%,0.40%,0.60%,1.00%,0.70%,3.10%,0.80%,0.50%,0.90%,0.70%,0.60%,0.60%,0.60%,0.80%,0.60%,1.20%,1.60%,0.50%,0.70%,0.40%,3.80%,0.70%,1.90%,0.70%,0.60%,0.80%,0.70%,1.40%,0.90%,0.80%,0.90%,0.90%,0.60%,0.60%,7.90%,0.90%,2.20%,0.80%,4.10%,1.70%,0.70%,0.70%,1.30%,9.10%,0.80%,0.50%,9.10%,0.90%,1.10%,1.30%,0.60%,0.50%,0.90%,0.50%,0.60%,0.80%,0.80%,0.90%,1.10%,1.00%,1.00%,0.60%,0.70%,0.90%,0.60%,0.80%,0.60%,0.90%,0.50%,0.90%,0.50%,0.60%,1.20%,3.30%,42.30%,0.60%,0.60%,0.40%,3.70%,12.80%,0.50%,0.50%,0.70%,30.10%,0.50%,0.90%,0.60%,1.00%,0.80%,5.70%,0.90%,0.40%,0.90%,0.40%,0.60%,0.70%,0.80%,,,,,,,,,
"Asian alone, percent",1.70%,1.00%,0.80%,1.50%,0.50%,0.60%,0.50%,0.80%,0.30%,0.70%,1.40%,3.60%,4.70%,0.80%,2.10%,1.30%,0.60%,4.50%,2.20%,0.70%,0.80%,0.40%,1.10%,0.50%,2.90%,2.70%,0.80%,0.90%,1.60%,0.90%,0.70%,5.50%,0.30%,2.60%,0.70%,1.60%,0.30%,0.50%,0.70%,0.60%,5.30%,0.90%,1.30%,0.60%,1.30%,0.80%,1.50%,0.70%,2.80%,1.10%,0.90%,0.60%,1.40%,0.70%,0.80%,1.00%,0.50%,0.50%,1.10%,6.30%,0.70%,1.60%,1.60%,1.00%,1.60%,0.30%,2.20%,8.10%,0.60%,1.60%,0.70%,0.50%,0.40%,2.10%,0.80%,1.50%,1.00%,0.70%,0.70%,1.20%,0.60%,0.60%,0.90%,2.00%,0.40%,0.80%,0.70%,0.70%,1.90%,3.60%,0.80%,7.70%,0.40%,0.40%,1.20%,1.30%,0.60%,1.30%,0.50%,0.30%,,,,,,,,,
"Native Hawaiian and Other Pacific Islander alone, percent",0.10%,0.10%,Z,0.10%,0.10%,0.10%,0.10%,0.10%,Z,0.10%,0.20%,0.70%,0.10%,0.10%,0.10%,0.20%,Z,0.10%,0.10%,0.10%,0.20%,0.10%,Z,0.10%,0.20%,0.40%,0.10%,0.10%,0.10%,Z,0.40%,0.10%,0.10%,0.10%,0.10%,0.10%,0.10%,0.10%,0.10%,0.30%,0.10%,0.10%,0.20%,Z,0.20%,0.10%,0.40%,Z,0.10%,Z,0.10%,Z,0.20%,0.20%,0.10%,0.10%,Z,0.20%,0.10%,0.10%,0.20%,0.10%,0.20%,0.10%,0.10%,Z,0.30%,0.10%,0.20%,0.10%,0.10%,Z,Z,0.10%,Z,0.10%,0.20%,0.20%,0.10%,0.10%,0.10%,0.30%,0.10%,0.30%,Z,0.10%,Z,0.10%,Z,0.10%,0.10%,0.10%,Z,Z,Z,0.20%,0.10%,0.10%,0.10%,0.30%,,,,,,,,,
"Two or More Races, percent",2.30%,1.70%,1.40%,1.70%,1.20%,1.10%,1.60%,1.20%,1.70%,1.80%,2.20%,1.80%,2.40%,1.80%,3.00%,2.10%,1.80%,2.00%,1.90%,2.50%,1.50%,1.60%,1.90%,1.90%,3.00%,4.80%,2.10%,1.90%,1.80%,2.00%,1.60%,2.60%,1.30%,2.30%,2.20%,2.20%,2.40%,2.20%,1.90%,1.40%,2.50%,1.30%,3.50%,1.40%,1.90%,1.40%,4.50%,1.70%,2.10%,2.20%,2.20%,1.90%,2.40%,1.60%,1.60%,1.20%,1.40%,1.30%,1.50%,2.50%,1.40%,1.80%,2.10%,1.90%,2.10%,1.40%,4.60%,2.60%,1.80%,2.60%,2.10%,1.70%,1.90%,2.20%,1.50%,1.80%,2.30%,2.70%,2.10%,1.80%,2.10%,2.30%,2.70%,1.50%,1.30%,1.30%,4.90%,1.90%,2.30%,2.00%,1.60%,2.60%,2.00%,2.00%,1.70%,2.50%,1.50%,1.60%,1.30%,1.10%,,,,,,,,,
"Hispanic or Latino, percent",13.10%,4.80%,9.90%,4.10%,5.10%,5.10%,8.00%,2.40%,7.80%,4.90%,6.80%,6.50%,11.10%,5.90%,3.00%,4.40%,4.60%,10.10%,12.10%,3.30%,3.70%,3.90%,3.80%,5.60%,7.60%,12.10%,4.40%,7.70%,7.40%,7.30%,23.00%,13.70%,5.00%,13.30%,9.00%,7.60%,2.40%,3.70%,8.50%,15.70%,8.40%,3.10%,13.40%,4.30%,10.30%,4.10%,13.90%,9.80%,8.00%,6.20%,14.10%,5.10%,19.60%,7.90%,7.50%,7.40%,2.40%,4.10%,6.40%,13.80%,6.20%,15.60%,7.10%,7.40%,5.80%,2.60%,12.90%,8.60%,4.30%,5.80%,7.50%,2.70%,4.50%,6.50%,5.90%,12.00%,6.80%,9.20%,6.30%,9.40%,4.80%,20.60%,3.30%,4.40%,3.30%,11.10%,5.80%,3.40%,9.40%,11.50%,8.30%,10.40%,3.90%,5.60%,4.00%,12.40%,6.90%,10.80%,11.50%,5.50%,,,,,,,,,
"White alone, not Hispanic or Latino, percent",62.90%,86.70%,86.70%,44.30%,92.30%,88.50%,65.90%,34.70%,54.90%,82.30%,83.40%,81.40%,63.40%,86.70%,80.50%,86.50%,61.00%,74.90%,72.10%,91.10%,59.80%,92.50%,72.80%,59.10%,65.60%,42.40%,86.90%,87.00%,79.40%,83.90%,51.00%,43.00%,36.00%,56.30%,63.00%,71.10%,63.60%,86.10%,57.80%,46.60%,49.40%,38.00%,60.70%,92.20%,83.10%,32.70%,38.70%,61.80%,75.40%,80.60%,66.80%,62.90%,57.80%,48.90%,84.60%,88.60%,93.90%,52.30%,87.20%,46.10%,91.10%,62.90%,77.00%,48.90%,77.40%,38.80%,65.70%,69.50%,74.20%,54.30%,75.40%,72.60%,66.30%,54.10%,87.70%,78.40%,56.50%,24.70%,72.10%,71.40%,82.80%,50.30%,42.50%,80.80%,90.90%,83.20%,60.70%,90.40%,49.10%,71.10%,39.00%,59.60%,38.20%,44.20%,91.40%,52.70%,86.70%,46.80%,83.80%,92.00%,,,,,,,,,
"Veterans, 2014-2018","9,099","2,125",845,"1,454","1,522",971,"3,130","1,127","1,885","13,572","17,639","6,206","12,024","5,031","1,377","7,954","1,554","10,084","4,431","2,819","1,298",891,"6,221","3,713","11,618","43,870","2,962","3,330","9,917","2,964","3,303","15,218","3,014","22,807","3,695","13,233",818,533,"3,235","1,063","28,475","2,836","13,130","5,536","9,802","1,246","5,835",216,"9,550","2,969","12,949",867,"4,030","4,125","5,476","2,820","1,519","1,328","2,760","48,118",864,"1,836","8,414","6,355","15,345","1,345","24,448","5,736","1,614","3,630","4,735","1,347","2,486","10,434","1,557","8,931","2,769","6,775","5,793","9,507","4,064","3,405","2,231","3,602","3,213","4,152",761,"3,316",402,"11,962","2,287","51,410","1,514",809,"2,721","12,619","4,466","5,400","2,371",931,,,,,,,,,
"Foreign born persons, percent, 2014-2018",7.90%,3.50%,4.90%,3.00%,3.50%,3.30%,3.00%,0.90%,4.20%,4.00%,5.70%,4.40%,8.00%,3.50%,2.90%,3.30%,2.50%,7.00%,8.70%,2.60%,2.30%,3.20%,2.40%,3.30%,4.50%,6.40%,2.00%,4.80%,5.00%,4.70%,11.80%,13.80%,2.20%,8.80%,5.50%,5.50%,0.60%,1.00%,4.50%,7.60%,10.30%,2.00%,6.00%,2.50%,7.30%,3.30%,5.90%,4.40%,6.30%,3.00%,7.70%,2.90%,10.30%,4.30%,4.80%,5.10%,1.90%,1.90%,3.90%,15.00%,3.30%,8.80%,4.50%,4.20%,5.10%,1.60%,4.00%,13.30%,2.90%,3.90%,4.00%,2.10%,3.00%,4.70%,3.60%,6.50%,4.00%,4.20%,3.70%,4.50%,2.50%,9.80%,2.30%,3.00%,1.50%,5.30%,2.70%,3.80%,2.50%,9.00%,4.90%,13.20%,3.20%,2.50%,3.10%,7.70%,4.10%,6.20%,5.00%,3.10%,,,,,,,,,
"Housing units,  July 1, 2019,  (V2019)","72,827","16,609","8,215","11,668","17,879","14,388","26,383","9,843","18,007","95,075","127,972","41,596","82,526","38,250","4,381","50,965","10,892","69,865","33,711","18,595","7,327","7,437","43,767","26,425","47,674","147,313","16,436","35,263","76,055","19,303","26,040","142,017","25,063","168,793","29,726","94,975","5,492","6,079","24,856","8,372","231,640","26,035","53,035","35,742","58,811","10,651","21,344","3,406","77,436","27,832","79,849","5,019","24,728","27,712","37,525","25,716","11,136","11,583","21,600","466,911","8,860","16,319","48,635","43,324","114,839","11,676","81,065","60,273","7,794","17,346","30,003","7,207","18,628","81,246","11,846","62,925","21,954","53,384","44,422","62,475","34,582","27,982","15,324","28,177","22,357","34,413","9,145","19,818","2,090","83,989","20,164","453,345","12,079","6,450","34,285","54,732","33,766","36,508","17,450","11,295",,,,,,,,,
"Owner-occupied housing unit rate, 2014-2018",65.00%,75.30%,75.00%,66.90%,75.20%,74.70%,70.40%,74.90%,70.80%,79.00%,63.80%,72.30%,71.50%,71.30%,80.50%,72.20%,78.80%,69.40%,76.50%,80.20%,69.30%,76.20%,67.50%,71.90%,62.50%,51.00%,82.60%,70.90%,70.10%,77.80%,70.00%,53.80%,59.40%,61.50%,73.30%,66.30%,78.30%,84.00%,73.60%,70.70%,58.90%,62.70%,64.50%,71.90%,72.50%,67.10%,67.60%,68.10%,71.90%,64.50%,71.60%,72.80%,66.60%,59.40%,76.40%,72.80%,72.60%,69.70%,71.80%,56.50%,80.30%,72.70%,75.30%,65.70%,57.20%,69.00%,52.80%,61.90%,75.10%,61.00%,80.50%,74.10%,75.20%,52.40%,73.40%,71.80%,66.10%,65.00%,69.10%,69.10%,71.30%,68.80%,61.30%,73.50%,77.70%,72.20%,71.40%,76.80%,71.80%,80.50%,59.70%,63.90%,72.50%,63.20%,60.60%,61.50%,74.20%,59.00%,76.70%,74.30%,,,,,,,,,
"Median value of owner-occupied housing units, 2014-2018","$147,800 ","$130,600 ","$126,000 ","$89,300 ","$152,500 ","$150,600 ","$128,300 ","$80,900 ","$90,000 ","$199,900 ","$222,300 ","$116,400 ","$189,100 ","$115,700 ","$210,300 ","$207,900 ","$109,100 ","$141,900 ","$265,900 ","$152,200 ","$124,700 ","$165,900 ","$114,300 ","$87,300 ","$158,300 ","$132,500 ","$251,800 ","$287,600 ","$137,000 ","$172,700 ","$87,000 ","$209,300 ","$85,200 ","$154,500 ","$143,700 ","$136,500 ","$144,000 ","$119,200 ","$149,400 ","$85,900 ","$162,400 ","$86,100 ","$148,400 ","$175,600 ","$203,400 ","$85,400 ","$139,000 ","$108,300 ","$180,700 ","$192,300 ","$156,800 ","$88,700 ","$138,300 ","$95,700 ","$160,800 ","$165,800 ","$180,400 ","$88,400 ","$113,900 ","$219,800 ","$150,100 ","$108,300 ","$210,200 ","$126,200 ","$233,700 ","$83,100 ","$153,900 ","$292,500 ","$154,500 ","$158,700 ","$179,500 ","$169,900 ","$117,100 ","$141,100 ","$212,300 ","$120,800 ","$80,100 ","$74,600 ","$111,400 ","$130,700 ","$114,800 ","$88,800 ","$84,500 ","$134,100 ","$128,600 ","$121,000 ","$123,200 ","$211,300 ","$109,900 ","$229,200 ","$97,700 ","$265,800 ","$95,000 ","$85,000 ","$239,400 ","$121,900 ","$124,000 ","$121,300 ","$125,800 ","$149,800 ",,,,,,,,,
"Median selected monthly owner costs -with a mortgage, 2014-2018","$1,170 ","$1,017 ",$997 ,$987 ,"$1,067 ","$1,068 ","$1,221 ","$1,083 ","$1,024 ","$1,370 ","$1,330 ","$1,021 ","$1,380 ",$979 ,"$1,633 ","$1,404 ","$1,064 ","$1,076 ","$1,600 ","$1,015 ","$1,189 ","$1,144 ","$1,062 ","$1,055 ","$1,295 ","$1,213 ","$1,625 ","$1,712 ","$1,091 ","$1,208 ","$1,109 ","$1,438 ","$1,055 ","$1,208 ","$1,212 ","$1,170 ","$1,259 ",$872 ,"$1,284 ","$1,045 ","$1,259 ","$1,066 ","$1,227 ","$1,177 ","$1,260 ",$989 ,"$1,201 ","$1,126 ","$1,303 ","$1,163 ","$1,252 ","$1,071 ","$1,152 ","$1,125 ","$1,198 ","$1,055 ","$1,306 ","$1,027 ",$971 ,"$1,462 ","$1,040 ",$988 ,"$1,378 ","$1,190 ","$1,510 ","$1,064 ","$1,257 ","$1,797 ","$1,176 ","$1,364 ","$1,387 ","$1,230 ","$1,083 ","$1,285 ","$1,259 ","$1,066 ",$926 ,$986 ,"$1,022 ","$1,087 ",$995 ,"$1,061 ","$1,017 ","$1,119 ","$1,070 ","$1,042 ","$1,085 ","$1,207 ","$1,060 ","$1,533 ","$1,083 ","$1,612 ","$1,085 ","$1,106 ","$1,371 ","$1,138 ","$1,019 ","$1,165 ","$1,019 ",$973 ,,,,,,,,,
"Median selected monthly owner costs -without a mortgage, 2014-2018",$367 ,$321 ,$283 ,$378 ,$298 ,$284 ,$464 ,$391 ,$408 ,$453 ,$396 ,$326 ,$416 ,$317 ,$431 ,$427 ,$342 ,$337 ,$454 ,$311 ,$456 ,$307 ,$335 ,$388 ,$433 ,$430 ,$437 ,$522 ,$346 ,$361 ,$385 ,$473 ,$430 ,$400 ,$393 ,$379 ,$457 ,$287 ,$407 ,$392 ,$432 ,$416 ,$396 ,$362 ,$344 ,$391 ,$388 ,$486 ,$351 ,$292 ,$398 ,$339 ,$394 ,$431 ,$356 ,$305 ,$329 ,$425 ,$278 ,$492 ,$321 ,$339 ,$388 ,$431 ,$519 ,$418 ,$382 ,$577 ,$416 ,$462 ,$405 ,$454 ,$378 ,$441 ,$386 ,$338 ,$350 ,$351 ,$334 ,$332 ,$296 ,$375 ,$376 ,$362 ,$321 ,$325 ,$251 ,$354 ,$363 ,$435 ,$366 ,$506 ,$371 ,$432 ,$357 ,$396 ,$320 ,$452 ,$334 ,$321 ,,,,,,,,,
"Median gross rent, 2014-2018",$798 ,$641 ,$645 ,$705 ,$596 ,$765 ,$713 ,$668 ,$653 ,$903 ,$933 ,$642 ,$884 ,$643 ,"$1,045 ",$896 ,$553 ,$724 ,$833 ,$718 ,$751 ,$714 ,$698 ,$615 ,$878 ,$922 ,"$1,107 ","$1,086 ",$694 ,$735 ,$666 ,"$1,014 ",$677 ,$791 ,$810 ,$808 ,$794 ,$556 ,$805 ,$668 ,$850 ,$698 ,$864 ,$748 ,$823 ,$733 ,$877 ,$801 ,$854 ,$723 ,$848 ,$644 ,$749 ,$724 ,$726 ,$747 ,$678 ,$671 ,$643 ,"$1,099 ",$591 ,$575 ,$855 ,$769 ,$978 ,$701 ,$998 ,"$1,077 ",$706 ,$864 ,$895 ,$833 ,$711 ,$778 ,$828 ,$672 ,$642 ,$626 ,$658 ,$758 ,$639 ,$651 ,$662 ,$712 ,$650 ,$620 ,$634 ,$720 ,$729 ,$984 ,$687 ,"$1,102 ",$602 ,$646 ,$807 ,$750 ,$625 ,$751 ,$625 ,$620 ,,,,,,,,,
"Building permits, 2019","1,407",93,49,47,115,131,162,19,52,"3,352","2,096",290,"2,714",73,83,493,21,852,902,190,19,65,163,53,466,962,448,359,688,236,47,"3,945",32,"2,255",918,"1,396",31,2,341,25,"1,956",51,639,434,619,2,238,5,"1,263",749,"2,651",22,185,90,725,5,105,X,127,"12,429",25,78,836,200,"3,006",20,"1,331",495,64,144,569,41,112,"1,030",84,302,249,426,165,464,145,140,24,385,97,98,77,118,4,"1,623",42,"9,751",57,8,488,323,92,181,58,68,,,,,,,,,
"Households, 2014-2018","64,059","13,722","4,746","9,516","11,805","6,587","19,325","7,976","13,968","54,226","107,093","34,672","72,299","32,594","3,836","29,690","9,110","61,099","28,527","11,895","5,984","5,062","36,882","22,306","40,871","124,418","10,148","15,441","65,471","15,999","21,781","123,444","21,371","146,685","24,749","81,494","4,477","3,288","21,030","7,259","202,731","21,116","45,086","26,336","48,281","8,899","17,722","1,769","65,246","16,642","67,154","4,137","21,744","23,121","32,022","15,699","8,452","9,471","17,961","403,546","6,361","10,411","38,965","36,720","93,636","8,628","64,065","52,529","5,352","14,780","21,766","5,919","15,744","69,169","9,047","56,041","18,546","45,969","37,201","52,301","26,345","23,537","13,113","23,717","19,302","28,985","5,443","14,123","1,631","75,165","16,854","390,498","7,780","5,073","20,355","48,153","28,355","32,128","15,448","7,402",,,,,,,,,
"Persons per household, 2014-2018",2.43,2.61,2.28,2.47,2.23,2.15,2.42,2.29,2.38,2.32,2.31,2.5,2.76,2.48,2.71,2.28,2.38,2.52,2.42,2.29,2.33,2.13,2.59,2.39,2.4,2.55,2.53,2.3,2.49,2.6,2.69,2.37,2.46,2.46,2.56,2.62,2.57,2.57,2.62,2.56,2.49,2.38,2.82,2.28,2.32,2.47,2.92,2.68,2.62,2.32,2.82,2.31,2.72,2.42,2.52,2.17,2.4,2.42,2.45,2.57,2.31,2.51,2.42,2.5,2.32,2.24,2.71,2.51,2.25,2.51,2.66,2.26,2.46,2.47,2.22,2.53,2.36,2.83,2.41,2.59,2.48,2.66,2.49,2.49,2.35,2.45,2.57,2.28,2.1,2.99,2.59,2.62,2.45,2.37,2.37,2.51,2.38,2.48,2.42,2.37,,,,,,,,,
"Living in same house 1 year ago, percent of persons age 1 year+, 2014-2018",86.00%,90.30%,93.00%,90.50%,93.30%,87.00%,94.20%,89.10%,91.20%,84.40%,86.50%,87.80%,86.30%,85.60%,91.80%,85.70%,90.60%,87.30%,89.70%,88.50%,91.90%,91.10%,87.70%,88.20%,80.40%,78.50%,87.70%,85.70%,86.30%,88.40%,85.90%,79.60%,90.90%,84.90%,88.60%,86.40%,93.30%,92.70%,88.40%,81.60%,85.00%,89.90%,83.30%,85.70%,87.60%,85.70%,84.50%,90.10%,85.30%,82.00%,88.30%,90.70%,88.30%,84.00%,88.80%,86.50%,87.50%,93.00%,90.70%,81.30%,92.10%,90.10%,88.10%,86.80%,82.20%,88.80%,71.40%,77.40%,88.40%,87.20%,86.60%,90.90%,90.70%,78.30%,89.30%,88.70%,87.10%,91.70%,89.30%,87.10%,87.60%,86.00%,85.80%,88.20%,92.80%,93.30%,89.90%,86.70%,84.70%,88.10%,87.40%,82.20%,89.10%,91.80%,76.30%,82.90%,92.10%,88.10%,91.30%,91.60%,,,,,,,,,
"Language other than English spoken at home, percent of persons age 5 years+, 2014-2018",12.60%,5.40%,6.90%,5.30%,5.30%,5.50%,5.80%,3.70%,8.10%,5.20%,7.80%,8.00%,12.60%,5.70%,5.40%,5.50%,3.90%,12.90%,14.40%,3.60%,2.00%,2.80%,4.30%,6.50%,8.30%,11.60%,3.60%,7.60%,8.00%,7.50%,20.30%,18.80%,4.40%,14.70%,7.40%,8.20%,2.10%,1.70%,8.00%,15.40%,13.10%,3.40%,10.50%,3.70%,10.20%,5.00%,11.60%,12.00%,9.30%,5.70%,12.40%,5.10%,18.00%,8.00%,7.30%,6.60%,2.30%,4.00%,6.60%,19.70%,6.20%,14.90%,7.30%,6.80%,6.40%,2.60%,10.30%,17.00%,5.10%,7.00%,7.50%,1.90%,4.70%,7.00%,5.60%,12.00%,6.00%,7.80%,6.00%,9.10%,4.30%,16.90%,3.80%,5.90%,2.90%,9.30%,4.90%,4.80%,8.00%,14.20%,7.40%,16.90%,4.10%,3.40%,4.70%,13.50%,6.30%,10.40%,8.90%,4.40%,,,,,,,,,
"Households with a computer, percent, 2014-2018",86.90%,78.60%,77.70%,78.60%,78.30%,79.10%,79.00%,71.60%,77.70%,90.90%,87.50%,78.80%,92.50%,81.90%,89.00%,90.20%,75.80%,86.20%,87.50%,81.90%,80.60%,86.90%,76.00%,74.40%,89.60%,89.50%,90.90%,94.20%,84.70%,87.20%,77.60%,91.80%,74.40%,88.60%,84.50%,85.30%,80.90%,61.80%,85.30%,83.00%,86.20%,75.60%,89.20%,82.70%,86.90%,76.70%,86.40%,78.60%,89.00%,83.10%,89.20%,74.80%,84.10%,82.00%,86.50%,82.10%,81.00%,79.40%,81.40%,93.40%,76.70%,75.60%,85.60%,82.90%,91.00%,71.50%,93.30%,93.50%,84.50%,84.40%,88.10%,82.80%,82.60%,87.70%,86.40%,83.00%,78.00%,71.70%,79.00%,85.70%,78.60%,79.00%,74.90%,85.90%,80.10%,77.30%,66.50%,89.10%,73.00%,93.30%,79.40%,95.50%,73.50%,71.60%,89.10%,85.00%,81.40%,82.20%,79.80%,74.80%,,,,,,,,,
"Households with a broadband Internet subscription, percent, 2014-2018",75.90%,69.70%,70.60%,69.00%,69.40%,67.20%,65.40%,55.50%,65.20%,81.20%,80.90%,68.30%,87.70%,74.70%,83.60%,82.40%,63.10%,78.80%,76.80%,69.90%,67.10%,76.00%,63.10%,61.50%,80.60%,81.70%,80.40%,87.40%,75.90%,80.90%,60.90%,85.40%,61.60%,79.30%,75.40%,77.70%,67.10%,49.70%,75.70%,71.90%,72.60%,56.90%,76.30%,69.10%,79.50%,60.00%,78.30%,55.20%,80.20%,67.20%,76.20%,56.50%,74.40%,74.40%,79.00%,70.70%,70.50%,62.10%,70.10%,86.50%,67.10%,67.30%,80.70%,73.40%,83.50%,51.20%,85.50%,87.40%,69.30%,74.00%,75.30%,69.30%,74.40%,78.20%,76.30%,71.00%,70.20%,54.20%,68.40%,76.60%,66.60%,59.60%,58.10%,77.30%,67.50%,62.60%,50.90%,78.30%,60.90%,89.20%,65.70%,89.70%,55.90%,58.10%,80.60%,75.90%,71.30%,73.70%,68.60%,64.20%,,,,,,,,,
"High school graduate or higher, percent of persons age 25 years+, 2014-2018",85.50%,81.60%,76.60%,80.50%,84.20%,82.30%,87.60%,78.70%,80.10%,90.40%,91.00%,80.90%,90.00%,79.70%,85.60%,91.10%,79.50%,85.20%,88.20%,86.30%,84.00%,88.50%,84.00%,81.60%,88.20%,90.70%,89.20%,93.30%,83.40%,86.70%,74.20%,88.40%,79.70%,88.80%,84.10%,84.70%,86.30%,81.00%,84.20%,74.10%,89.10%,77.50%,86.30%,88.10%,89.90%,79.20%,86.00%,81.60%,89.00%,88.40%,86.30%,81.60%,83.40%,80.40%,85.60%,88.60%,85.40%,83.30%,83.80%,90.10%,84.50%,79.30%,90.40%,85.40%,92.90%,79.50%,91.20%,92.70%,88.00%,86.50%,87.50%,86.50%,86.30%,89.40%,90.90%,81.40%,80.30%,77.10%,82.60%,85.30%,82.60%,77.70%,79.80%,85.10%,83.50%,78.30%,78.30%,88.60%,75.50%,89.80%,80.00%,92.70%,80.50%,79.90%,89.50%,84.10%,78.60%,80.30%,81.00%,84.20%,,,,,,,,,
"Bachelor's degree or higher, percent of persons age 25 years+, 2014-2018",24.00%,14.70%,16.70%,9.60%,19.00%,20.60%,19.40%,13.40%,15.10%,28.60%,39.20%,16.60%,31.20%,15.30%,17.90%,28.40%,15.50%,21.90%,41.30%,19.20%,19.80%,22.80%,17.40%,13.10%,25.70%,25.00%,23.10%,33.00%,18.50%,22.90%,11.10%,47.50%,12.70%,33.80%,21.30%,20.60%,14.40%,13.50%,22.30%,10.50%,35.30%,14.40%,20.70%,25.00%,31.80%,14.60%,18.40%,9.40%,27.50%,30.50%,21.80%,13.10%,20.90%,14.50%,21.40%,24.20%,27.60%,16.80%,16.90%,44.80%,18.80%,14.70%,36.90%,20.90%,39.30%,12.80%,21.40%,57.60%,19.40%,20.50%,26.40%,20.40%,15.30%,31.80%,31.70%,15.80%,13.90%,13.20%,15.00%,18.70%,17.30%,12.80%,15.50%,15.80%,13.30%,16.80%,16.00%,31.50%,9.70%,34.80%,12.90%,51.80%,15.50%,11.30%,41.60%,19.50%,15.50%,19.60%,11.30%,20.00%,,,,,,,,,
"With a disability, under age 65 years, percent, 2014-2018",9.90%,13.50%,16.50%,12.50%,10.40%,12.90%,13.10%,14.10%,15.10%,12.90%,9.20%,14.90%,7.00%,13.40%,9.50%,14.50%,12.60%,10.00%,10.30%,13.70%,10.30%,13.40%,11.40%,14.20%,12.20%,13.20%,11.10%,9.90%,11.40%,10.40%,13.70%,7.00%,12.10%,6.70%,11.10%,11.50%,16.00%,12.20%,11.50%,18.10%,7.50%,13.90%,10.10%,12.30%,9.70%,15.20%,13.40%,6.80%,9.60%,10.10%,10.50%,18.80%,11.60%,19.10%,11.50%,11.30%,12.20%,13.10%,16.40%,5.70%,12.00%,9.80%,10.10%,11.00%,9.00%,14.90%,14.20%,5.90%,14.20%,10.20%,12.50%,8.90%,14.40%,8.90%,10.50%,11.70%,13.20%,11.50%,12.20%,11.10%,14.60%,13.80%,12.10%,10.80%,10.40%,15.20%,12.50%,10.40%,15.50%,6.30%,13.90%,5.80%,13.80%,16.80%,7.80%,12.20%,12.90%,11.40%,11.50%,12.80%,,,,,,,,,
"Persons  without health insurance, under age 65 years, percent",13.80%,12.80%,17.80%,13.40%,15.40%,18.10%,13.10%,12.60%,17.80%,13.70%,12.50%,13.60%,10.60%,14.40%,11.90%,13.30%,13.20%,13.50%,13.40%,15.20%,12.00%,16.30%,13.10%,15.60%,11.70%,10.70%,12.60%,14.80%,14.20%,13.10%,20.70%,12.60%,12.70%,12.80%,13.80%,12.40%,10.80%,18.50%,12.50%,19.60%,11.50%,13.30%,14.00%,12.30%,14.60%,12.30%,15.30%,17.20%,12.10%,17.40%,13.60%,15.80%,16.20%,14.20%,12.40%,17.90%,12.50%,12.00%,13.80%,13.00%,14.50%,15.40%,11.90%,12.10%,11.70%,12.50%,9.90%,10.40%,13.20%,11.60%,12.80%,13.60%,11.70%,11.80%,14.00%,15.70%,13.60%,18.50%,13.30%,13.60%,14.00%,18.80%,14.50%,13.00%,12.40%,15.20%,19.30%,16.60%,17.10%,12.30%,13.20%,10.00%,16.50%,12.80%,12.80%,14.80%,15.30%,14.70%,14.50%,15.10%,,,,,,,,,
"In civilian labor force, total, percent of population age 16 years+, 2014-2018",62.40%,57.20%,51.90%,54.80%,57.90%,46.10%,53.60%,51.30%,50.20%,49.90%,61.50%,56.30%,68.20%,58.00%,60.30%,56.40%,54.30%,62.40%,58.00%,47.00%,51.60%,49.70%,55.70%,46.60%,53.20%,53.60%,61.10%,64.40%,60.40%,59.50%,58.10%,67.60%,55.50%,61.50%,60.50%,61.30%,58.80%,48.60%,58.10%,52.30%,63.40%,50.80%,55.60%,54.80%,56.60%,52.00%,52.40%,51.10%,64.70%,54.50%,64.50%,52.70%,61.50%,58.10%,61.60%,50.80%,56.20%,55.00%,53.50%,71.10%,51.70%,50.80%,54.40%,61.20%,62.30%,46.00%,46.40%,64.80%,47.30%,55.50%,57.50%,50.80%,61.70%,64.00%,52.10%,60.90%,53.40%,50.30%,56.20%,59.40%,53.00%,58.50%,49.30%,61.10%,58.20%,55.00%,53.50%,50.00%,45.50%,67.50%,58.40%,70.40%,47.70%,47.90%,56.20%,58.10%,55.60%,59.20%,54.20%,52.50%,,,,,,,,,
"In civilian labor force, female, percent of population age 16 years+, 2014-2018",57.70%,53.60%,45.80%,54.10%,54.30%,48.70%,49.60%,50.30%,46.50%,46.10%,57.00%,53.50%,62.40%,52.60%,54.50%,52.90%,52.10%,56.90%,52.20%,44.80%,42.90%,41.90%,51.90%,46.40%,51.80%,55.10%,55.10%,61.20%,54.50%,53.90%,51.20%,65.20%,52.30%,56.90%,56.00%,55.80%,54.50%,41.20%,57.80%,51.80%,58.70%,49.00%,53.70%,49.70%,51.10%,52.90%,53.60%,53.30%,57.40%,51.20%,59.90%,46.00%,56.30%,52.20%,55.00%,44.60%,52.30%,51.50%,49.60%,65.50%,44.50%,48.50%,51.30%,58.30%,59.10%,43.60%,54.60%,62.10%,46.50%,52.70%,53.70%,46.00%,60.20%,60.70%,50.10%,55.80%,53.30%,47.30%,51.40%,55.40%,47.30%,51.90%,49.40%,56.80%,52.00%,49.80%,50.50%,47.10%,57.00%,59.80%,55.80%,64.60%,47.50%,41.40%,53.70%,54.70%,50.30%,56.00%,48.70%,47.10%,,,,,,,,,
"Total accommodation and food services sales, 2012 ($1,000)","254,425",D,"10,835","16,822","23,669","45,601","50,147","6,481","25,569","180,820","880,092","97,235","427,974",D,"1,540","164,400",D,"290,679","91,329","40,981","19,059","8,607","109,084","52,247",D,"629,426",D,D,"163,225","43,131","44,098","832,483","38,147","713,579","27,796","297,365",D,"14,611","52,427",D,"1,158,488","86,565","99,085","102,702","170,035","29,002","16,467",D,"289,578","548,517","243,001",D,"84,242","78,364","75,439","63,264","12,206","25,715","46,500","2,845,124","19,425",D,"236,674","166,687","623,342","4,602","353,051","283,037",D,"76,883","50,456","8,590","41,293","357,637","14,416","158,579","42,310","139,055","91,128","163,161","71,845",D,"43,786","70,639","35,129","105,381","49,985","68,533",D,"192,873","56,983","2,165,178","8,908",D,"142,099","161,664","65,660","139,263","34,414","11,639",,,,,,,,,
"Total health care and social assistance receipts/revenue, 2012 ($1,000)","801,896","33,462","31,067","50,729","73,309","72,225","186,547","63,446","52,726","326,561","2,518,169","461,466","568,063","234,404","1,437","283,725","23,706","1,153,608","179,122","96,737","94,052","14,934","496,807","246,501","715,386","2,106,467","17,955",D,"1,634,947","79,509","133,211","3,784,995","203,142","2,115,062","86,887","1,177,432","7,008",D,"149,269","35,238","3,512,781","223,011","302,420","314,080","581,872","155,755","49,547",D,"758,713","201,591","457,107","47,658","249,709","305,492","223,502","134,134","37,892","95,297","119,398","8,163,870","97,599","61,384","913,446","349,427","1,277,398","26,442","491,728","1,389,903","42,983","225,144","97,306","8,933","98,851","1,879,971","104,400","363,922","177,204","580,993","287,512","837,035","245,843","179,412","236,006","251,354","107,123","411,631","89,297","148,670",D,"533,877","204,965","5,110,378","19,962","34,741","624,851","606,558","233,666","408,672","60,395",D,,,,,,,,,
"Total manufacturers shipments, 2012 ($1,000)","3,138,351","591,468",D,"393,255","232,703","20,461","1,462,057",D,"1,904,327","1,982,957","2,839,482","2,804,569","1,757,916","1,158,139",X,"343,677","33,308","5,850,929","487,407","317,132","451,182",D,"1,821,194","900,932","1,261,429","3,827,013",D,"47,840","2,470,186","448,700","2,056,739","8,955,517","1,028,877","14,759,062","1,047,254","5,021,369",D,D,"3,020,569",D,"26,932,176","486,339","358,362",D,"2,625,038",D,"1,654,104",D,"3,628,934","64,546","3,712,563",D,"2,751,473",D,"1,884,896","181,176",D,"557,413","1,324,204","11,150,033","56,475","803,185","781,495","3,184,367","2,449,546","246,437","270,979","161,418",D,D,"191,360",D,"841,222","2,160,814","78,166","4,557,254","794,395","3,081,397","4,268,306","3,856,641","672,462","821,833","984,247","832,859","489,711","967,760",D,"61,066","9,593","3,645,446","756,187","13,105,152","128,855","394,643","107,955","1,691,320","1,156,115","13,159,851","748,255","145,004",,,,,,,,,
"Total merchant wholesaler sales, 2012 ($1,000)","627,214","47,830","1,095","109,357","101,911",D,"360,748","145,604","226,655","237,118","1,286,734","226,190","1,600,273","202,263","4,108","85,729",D,"4,053,833","114,996","84,432","196,743",D,"1,309,362","295,184",D,"1,028,764","58,697",D,"1,032,156","160,144","473,125","6,468,740","205,952","4,220,348","150,202","2,037,658","22,996",D,D,D,"14,111,449",D,D,"109,122","740,515","38,670","49,602","84,767","1,232,988",D,"897,570",D,D,"478,311","332,854","33,833","6,806","77,265","393,226","21,895,908","24,962","62,709","224,382","2,693,864","1,189,386",D,"139,069","510,445",D,"176,254","179,439","36,791","175,969","1,028,697",D,"836,640",D,"604,365","397,593","888,234","165,979","450,617","564,505","177,657","12,796","396,133",D,D,D,"1,449,136",D,"18,602,580","10,205","174,124","140,238","1,244,827",D,D,"87,706","3,670",,,,,,,,,
"Total retail sales, 2012 ($1,000)","2,108,413","194,767","67,890","181,255","273,003","195,454","548,353","95,917","199,496","1,125,773","3,884,191","680,513","2,920,274","700,961","24,903","972,796","63,883","2,607,313","583,012","363,600","119,177","134,443","962,137","553,126","1,213,554","4,374,210","275,248","863,879","1,301,842","360,172","466,370","3,402,052","372,108","5,569,392","353,700","2,329,466","43,630","44,505","349,961","83,534","6,979,731","607,036","869,419","811,033","1,330,773","254,917","257,678","30,415","2,249,922","403,657","2,134,227","33,706","832,196","728,897","789,837","432,474","111,500","249,138","457,780","14,756,869","182,109","189,757","1,094,899","1,234,476","3,871,707","131,215","2,213,042","1,385,293","100,096","698,264","386,690","66,360","378,438","2,354,799","100,771","1,107,887","449,820","1,395,642","866,255","1,194,600","600,079","593,013","351,715","618,069","222,118","1,067,104","107,087","311,288","35,975","1,943,631","527,895","14,359,328","72,351","127,671","762,864","1,557,491","1,365,239","992,692","242,856","144,943",,,,,,,,,
"Total retail sales per capita, 2012","$13,698 ","$5,285 ","$6,213 ","$6,878 ","$10,075 ","$11,083 ","$11,543 ","$4,644 ","$5,714 ","$10,029 ","$15,887 ","$7,519 ","$15,828 ","$8,556 ","$2,468 ","$14,384 ","$2,752 ","$16,893 ","$8,837 ","$13,471 ","$8,068 ","$12,662 ","$9,871 ","$9,597 ","$11,583 ","$13,499 ","$11,432 ","$24,987 ","$7,974 ","$8,693 ","$7,769 ","$12,166 ","$6,650 ","$15,551 ","$5,754 ","$11,197 ","$3,676 ","$5,116 ","$5,791 ","$3,898 ","$13,935 ","$11,240 ","$7,119 ","$13,768 ","$12,292 ","$10,431 ","$5,099 ","$5,191 ","$13,828 ","$9,980 ","$12,200 ","$3,280 ","$13,936 ","$12,307 ","$9,958 ","$12,769 ","$5,376 ","$10,398 ","$10,173 ","$15,228 ","$11,850 ","$6,858 ","$12,125 ","$12,898 ","$18,504 ","$6,124 ","$12,076 ","$10,043 ","$7,656 ","$17,202 ","$7,135 ","$4,893 ","$9,637 ","$13,647 ","$4,971 ","$7,777 ","$9,647 ","$10,300 ","$9,343 ","$8,645 ","$8,913 ","$9,273 ","$9,744 ","$10,203 ","$4,748 ","$14,506 ","$7,573 ","$9,476 ","$8,293 ","$9,321 ","$11,697 ","$15,081 ","$3,516 ","$10,024 ","$14,707 ","$12,536 ","$19,699 ","$12,126 ","$6,377 ","$8,221 ",,,,,,,,,
"Mean travel time to work (minutes), workers age 16 years+, 2014-2018",23.8,24.1,24.3,28.3,25.7,21.5,24.6,25.7,24.4,24.2,20.1,21.9,27.8,24.1,32.8,23.2,30.7,22.4,29.6,24.1,29.3,23.3,24,26.3,20.8,21,37.2,21.1,24.8,26.2,25.8,22.8,22.5,21.7,32.8,26,37.1,29.7,28.5,26.5,21.6,24.6,29.7,23.1,21.2,26.1,27.5,21.1,25.8,19.9,30.4,27.8,24.8,22,29.7,21.3,28.6,24.7,23.6,26.2,24.6,23.5,24.4,22.2,20.2,26.1,21.2,22.9,29.2,28.1,28.3,32.4,31.7,20.9,27,23.8,22.3,24.2,25.9,24.8,25.8,25.1,22,26.3,29.1,24.8,18.1,25.2,30.2,29.5,23.7,25.1,28.4,24.8,20.2,22,24.6,21.2,26.5,28,,,,,,,,,
"Median household income (in 2018 dollars), 2014-2018","$45,735 ","$44,961 ","$37,558 ","$39,126 ","$40,978 ","$38,134 ","$43,688 ","$33,143 ","$32,378 ","$54,406 ","$50,668 ","$42,516 ","$64,174 ","$42,072 ","$63,349 ","$54,428 ","$43,961 ","$51,157 ","$63,531 ","$40,294 ","$42,621 ","$38,801 ","$40,393 ","$36,398 ","$50,870 ","$45,716 ","$66,284 ","$58,012 ","$47,271 ","$57,611 ","$38,850 ","$58,190 ","$35,516 ","$50,128 ","$53,175 ","$49,384 ","$52,205 ","$36,525 ","$55,628 ","$38,306 ","$51,072 ","$34,251 ","$51,630 ","$49,800 ","$52,815 ","$37,005 ","$47,535 ","$45,466 ","$58,198 ","$44,028 ","$56,842 ","$36,892 ","$48,873 ","$38,387 ","$53,318 ","$43,597 ","$42,410 ","$39,205 ","$40,913 ","$64,312 ","$44,186 ","$42,346 ","$57,899 ","$48,362 ","$52,716 ","$35,499 ","$49,491 ","$68,211 ","$44,947 ","$48,279 ","$52,989 ","$45,915 ","$48,811 ","$44,315 ","$48,834 ","$45,006 ","$36,091 ","$33,679 ","$42,490 ","$48,667 ","$40,347 ","$39,068 ","$35,617 ","$49,590 ","$46,169 ","$41,068 ","$36,773 ","$46,629 ","$35,472 ","$75,397 ","$37,282 ","$76,956 ","$35,962 ","$35,512 ","$45,268 ","$42,192 ","$40,829 ","$42,850 ","$42,876 ","$39,888 ",,,,,,,,,
"Per capita income in past 12 months (in 2018 dollars), 2014-2018","$26,215 ","$24,452 ","$21,244 ","$20,124 ","$24,039 ","$20,253 ","$26,233 ","$20,430 ","$20,803 ","$31,204 ","$31,439 ","$23,466 ","$31,050 ","$22,945 ","$26,951 ","$32,005 ","$22,982 ","$26,950 ","$39,299 ","$22,754 ","$24,084 ","$26,590 ","$21,920 ","$22,081 ","$28,007 ","$24,301 ","$30,017 ","$33,550 ","$25,109 ","$29,613 ","$19,455 ","$34,063 ","$20,055 ","$29,921 ","$26,273 ","$26,069 ","$25,334 ","$19,323 ","$26,228 ","$18,339 ","$29,708 ","$21,016 ","$23,011 ","$29,453 ","$29,860 ","$18,918 ","$20,656 ","$18,433 ","$32,006 ","$24,073 ","$25,847 ","$21,539 ","$23,842 ","$22,361 ","$29,089 ","$28,429 ","$25,326 ","$23,269 ","$22,725 ","$37,298 ","$23,907 ","$22,760 ","$33,432 ","$26,980 ","$32,629 ","$20,538 ","$23,783 ","$40,650 ","$27,026 ","$23,699 ","$27,724 ","$25,809 ","$25,922 ","$25,722 ","$30,344 ","$24,127 ","$20,745 ","$17,881 ","$23,604 ","$25,117 ","$22,493 ","$21,950 ","$18,242 ","$24,671 ","$25,091 ","$23,957 ","$20,984 ","$27,050 ","$18,682 ","$34,379 ","$23,211 ","$39,102 ","$22,461 ","$21,043 ","$24,906 ","$24,124 ","$23,745 ","$24,273 ","$23,566 ","$23,264 ",,,,,,,,,
"Persons in poverty, percent",13.50%,13.00%,18.70%,20.50%,16.90%,16.80%,18.10%,23.50%,29.10%,10.50%,11.50%,14.00%,9.00%,15.90%,8.30%,9.80%,17.10%,13.00%,9.30%,18.80%,17.20%,14.60%,19.10%,25.30%,14.90%,17.00%,9.70%,8.30%,15.00%,10.80%,20.40%,13.50%,22.90%,16.40%,12.70%,14.20%,15.20%,18.90%,13.00%,23.50%,15.40%,22.00%,14.40%,13.10%,9.70%,23.20%,18.00%,22.20%,9.50%,16.70%,11.70%,16.20%,15.70%,22.10%,10.30%,16.30%,17.00%,20.30%,15.40%,11.70%,16.10%,16.70%,10.50%,14.20%,15.30%,21.40%,15.10%,12.40%,16.60%,18.20%,15.10%,15.80%,14.80%,23.20%,11.80%,13.80%,19.90%,24.50%,17.90%,16.30%,19.10%,22.80%,26.90%,13.20%,12.10%,16.00%,15.20%,12.80%,25.20%,7.00%,26.30%,8.40%,19.80%,21.10%,21.20%,20.20%,18.90%,21.10%,13.00%,17.80%,,,,,,,,,
"Total employer establishments, 2018","3,349",573,247,396,540,501,"1,103",293,511,"2,554","8,737","1,456","4,466","1,355",113,"2,027",247,"4,160","1,464",580,353,222,"1,909",969,"2,140","5,648",658,"1,967","2,796",833,857,"7,612",712,"8,634","1,065","4,219",119,168,894,251,"13,553",940,"1,716","1,414","2,791",485,460,161,"4,840",985,"3,453",137,"1,330","1,176","1,736","1,139",347,439,757,"32,438",361,509,"2,280","2,058","7,709",244,"2,832","3,294",237,903,"1,132",185,683,"3,601",483,"2,518",804,"1,786","1,628","2,645","1,267",969,578,"1,334",628,"1,648",370,858,76,"4,881",856,"29,622",257,224,"1,647","2,156","1,185","1,752",618,323,,,,,,,,,
"Total employment, 2018","59,656","7,723","2,169","5,250","5,941","4,533","13,259","4,863","10,089","27,079","124,514","24,969","67,410","22,122",501,"19,920","1,785","82,963","14,277","7,310","4,067","1,707","30,465","11,489","28,367","93,370","4,834","14,955","37,946","9,656","13,201","195,524","11,615","179,566","10,654","67,160",827,"1,826","15,703","2,114","261,456","13,257","21,913","15,455","34,656","7,362","5,698",771,"70,552","12,000","42,161",841,"25,313","23,748","19,508","9,541","3,014","5,344","13,683","633,681","3,700","7,848","32,400","37,620","102,021","4,370","36,233","47,820","2,204","11,086","9,156","1,355","8,424","62,131","3,910","39,361","11,409","31,702","22,228","45,137","16,111","13,292","9,572","16,532","6,139","28,923","3,544","7,925",590,"59,348","13,269","478,998","2,061","2,764","18,401","33,564","19,084","31,745","9,187","3,490",,,,,,,,,
"Total annual payroll, 2018 ($1,000)","2,284,562","261,191","74,021","157,793","211,598","142,917","465,418","139,984","333,113","976,797","5,064,159","889,096","2,649,060","805,621","16,189","659,203","51,634","3,446,088","493,090","230,144","146,317","51,612","1,142,842","421,949","1,134,204","3,408,179","177,508","529,312","1,468,157","335,879","422,501","13,684,278","368,691","9,080,170","506,480","2,672,214","24,363","67,665","636,087","63,646","12,127,853","490,826","709,003","550,757","1,407,532","290,391","173,868","27,707","3,116,199","414,349","1,577,503","26,013","1,120,682","846,626","756,616","329,017","94,886","150,240","554,545","40,233,729","143,553","287,334","1,317,145","1,484,496","4,466,247","159,402","1,045,981","2,307,786","63,549","409,857","287,319","46,017","321,034","2,476,884","126,332","1,387,524","376,167","1,053,506","728,643","2,083,190","556,679","476,986","342,213","567,879","177,437","1,148,298","113,262","255,355","14,709","2,481,639","452,556","26,625,337","57,403","105,660","618,052","1,177,152","813,330","1,338,703","299,705","130,841",,,,,,,,,
"Total employment, percent change, 2017-2018",0.60%,0.40%,-1.50%,1.50%,7.10%,-4.80%,5.40%,-1.40%,-1.00%,4.30%,2.80%,4.70%,1.10%,4.70%,-6.00%,1.90%,4.00%,0.30%,0.10%,-2.40%,6.60%,1.60%,1.50%,1.40%,0.30%,0.20%,5.60%,3.00%,0.80%,2.20%,-1.00%,1.90%,-2.40%,2.30%,2.10%,4.70%,-6.00%,1.80%,13.30%,1.10%,-0.20%,2.70%,-0.50%,2.50%,4.80%,-1.10%,2.90%,-8.00%,4.60%,3.50%,2.10%,-2.00%,7.50%,-2.20%,1.20%,2.10%,-2.80%,-2.70%,1.00%,1.70%,-5.60%,-0.50%,4.40%,3.40%,2.40%,3.50%,1.90%,2.90%,-0.40%,-0.30%,1.80%,1.70%,4.80%,2.30%,-1.00%,0.40%,3.40%,0.20%,-1.40%,2.10%,1.60%,-3.70%,-0.40%,1.70%,-2.60%,3.70%,-4.30%,1.60%,15.20%,6.20%,-3.70%,2.30%,3.30%,-2.30%,1.40%,-1.20%,-1.10%,1.90%,6.20%,3.20%,,,,,,,,,
"Total nonemployer establishments, 2018","10,616","2,371",954,"1,292","2,507","1,720","3,337",959,"1,778","11,453","28,970","5,230","16,583","4,984",730,"6,772","1,149","10,790","6,553","2,292","1,010","1,088","5,721","3,506","6,270","18,982","2,226","5,470","11,596","3,238","3,276","26,142","2,650","27,723","4,701","14,291",549,715,"3,480","1,075","42,996","2,582","7,511","5,045","9,657","1,067","2,706",593,"14,434","3,200","14,299",583,"4,005","3,234","6,357","3,313","2,037","1,298","2,722","103,292","1,162","1,508","8,133","6,040","21,300",915,"10,712","13,826",993,"2,664","4,672",958,"2,262","10,993","1,994","9,940","2,037","7,458","4,980","9,488","4,124","3,670","1,860","4,130","2,861","4,883","1,330","3,254",266,"19,542","2,408","95,345","1,027",603,"4,985","6,621","4,441","4,834","2,342","1,642",,,,,,,,,
"All firms, 2012","10,990","2,907","1,132","1,531","2,555","1,481","4,088","1,390","2,191","10,065","28,498","6,660","15,965","6,250",742,"7,585","1,106","13,973","6,478","2,696","1,459","1,233","6,725","4,395","6,409","21,117","2,426","6,113","13,423","3,380","3,486","24,763","3,647","28,792","4,677","15,375",471,719,"3,178","1,105","45,746","3,268","7,675","5,030","10,032","1,120","2,417",581,"15,864","3,461","12,617",824,"4,810","4,470","5,274","4,247","1,741","1,535","2,577","101,799","1,293","1,890","8,479","7,041","24,939","1,090","10,610","14,373","1,015","3,040","4,448","1,128","2,287","13,055","2,163","11,207","2,708","9,090","6,193","10,575","5,034","3,605","2,120","4,331","2,843","5,681","1,589","3,488",397,"17,701","2,930","92,382","1,031",865,"6,304","7,136","5,280","5,990","3,022","1,715",,,,,,,,,
"Men-owned firms, 2012","5,939","2,028",707,726,"1,646",918,"2,225",837,"1,147","5,793","14,685","4,184","8,643","3,805",485,"4,138",480,"7,886","3,368","1,581",768,583,"3,469","2,596","2,912","10,155","1,429","3,284","8,170","2,051","2,041","11,979","1,999","14,488","2,689","8,619",307,326,"1,679",620,"22,594","1,719","4,231","2,869","5,537",590,"1,172",326,"9,105","2,050","7,414",416,"2,606","2,601","2,876","2,106",980,890,"1,429","52,010",741,"1,155","4,445","3,613","13,879",628,"5,499","7,689",615,"1,646","2,442",706,"1,186","6,426","1,255","6,353","1,315","4,509","3,278","5,618","2,879","2,109",851,"2,550","1,615","3,312",668,"1,908",233,"10,054","1,538","48,936",571,395,"3,514","3,839","3,274","3,099","1,862","1,022",,,,,,,,,
"Women-owned firms, 2012","3,804",630,280,598,589,414,"1,299",472,731,"3,259","10,468","1,759","5,371","1,633",191,"2,293",480,"4,269","2,299",788,464,413,"2,141","1,294","2,680","8,867",604,"1,501","4,134",807,"1,127","10,338","1,402","10,863","1,373","5,202",105,234,"1,247",355,"17,884","1,168","2,480","1,619","3,037",379,"1,058",87,"4,597",977,"4,060",329,"1,668","1,449","1,742","1,330",578,429,765,"39,281",262,600,"3,000","2,562","8,044",412,"3,798","5,219",295,"1,129","1,580",339,830,"4,782",701,"3,524",963,"4,105","2,139","3,463","1,510","1,206","1,054","1,061",984,"1,677",647,"1,153",96,"5,541","1,074","32,914",379,370,"1,630","2,486","1,315","2,183",813,495,,,,,,,,,
"Minority-owned firms, 2012","2,283",99,123,598,113,49,920,486,476,"1,172","2,113",511,"2,829",580,113,403,279,"1,320",767,133,182,F,913,823,"1,153","8,774",117,362,"1,515",235,997,"9,077","1,705","7,481",951,"2,336",160,90,927,347,"14,168","1,523","1,783",162,947,549,"1,199",46,"1,609",286,"2,581",142,928,"1,146",558,214,65,531,147,"36,742",77,330,965,"2,498","2,873",479,"1,660","2,019",190,934,676,162,390,"3,786",88,"1,285",703,"5,540","1,011","1,546",470,945,994,392,158,397,471,215,48,"2,977","1,125","24,275",417,199,319,"1,845",377,"1,834",118,38,,,,,,,,,
"Nonminority-owned firms, 2012","8,295","2,742",953,875,"2,377","1,379","3,044",851,"1,585","8,681","25,428","5,967","12,516","5,521",618,"6,869",801,"11,944","5,523","2,440","1,216","1,151","5,565","3,388","4,952","11,540","2,266","5,575","11,573","3,054","2,392","14,451","1,836","20,051","3,614","12,514",279,610,"2,156",734,"29,574","1,585","5,632","4,732","8,801",488,"1,154",502,"13,720","3,064","9,662",664,"3,688","3,141","4,578","3,928","1,645",902,"2,338","60,404","1,164","1,511","7,247","4,239","21,115",582,"8,636","11,822",765,"1,952","3,644",934,"1,780","8,742","2,021","9,635","1,823","3,296","4,982","8,537","4,366","2,525",985,"3,758","2,611","5,087","1,052","3,172",333,"14,176","1,677","64,622",580,597,"5,727","4,999","4,721","3,784","2,805","1,606",,,,,,,,,
"Veteran-owned firms, 2012","1,203",451,71,159,333,149,454,153,107,"1,534","2,564",650,"2,247",475,249,"1,134",88,"1,241",666,244,244,128,713,502,779,"3,095",328,467,"1,425",284,387,"2,226",447,"2,707",448,"1,644",50,F,338,165,"4,438",377,"1,103",444,"1,160",89,234,F,"1,788",590,"1,401",78,628,881,455,267,186,174,274,"9,615",145,223,951,757,"2,542",237,"1,513","1,240",137,502,360,72,258,"1,245",411,907,354,"1,151",521,"1,090",527,456,247,449,323,389,170,257,45,"1,743",354,"9,507",162,221,675,964,462,614,338,233,,,,,,,,,
"Nonveteran-owned firms, 2012","9,138","2,326",982,"1,288","2,080","1,232","3,277","1,172","1,852","7,882","24,586","5,661","12,965","5,388",469,"5,810",992,"11,730","5,569","2,329","1,117","1,007","5,579","3,573","5,173","16,822","1,908","5,282","11,474","2,898","2,967","21,268","3,006","24,271","3,961","12,963",389,657,"2,543",909,"38,576","2,658","6,086","4,227","8,194",943,"2,056",522,"13,141","2,592","10,699",696,"3,835","3,289","4,547","3,736","1,482","1,293","2,078","86,440",906,"1,567","7,102","5,775","20,861",815,"8,386","12,448",826,"2,352","3,900","1,006","1,909","11,023","1,677","9,854","2,162","7,619","5,330","8,759","4,235","2,958","1,744","3,451","2,439","5,035","1,356","3,018",334,"15,167","2,438","78,368",821,573,"5,247","5,594","4,512","4,905","2,515","1,331",,,,,,,,,
"Population per square mile, 2010",356.5,143.1,47.5,50.7,64,72,57.7,30.4,40.2,126.8,362.9,179.3,492.1,176.1,41.5,131.3,55.8,387.1,93.1,60.3,85.8,49.3,211.3,62,146,489.7,89.9,88.5,294.7,156.2,71.7,935.7,111.9,859.2,123.3,578.8,35.8,30.3,112.7,80.3,756.4,75.5,192.7,106.6,286.1,69.9,120.2,9.5,277.8,82.1,213.4,21.6,227,148.5,262.7,65.8,46.2,53.1,102.1,"1,755.50",70.4,56.5,126.5,177.3,"1,058.10",41.2,233.1,336.2,39.1,179.2,60,54.4,100.6,257.9,86.3,181.1,98.4,141.3,165.6,270.7,120.2,67.1,113.4,153.3,105.6,138.4,26.5,87.4,11.3,318.7,179.2,"1,078.80",48.9,38,163.4,221.7,91.9,220.6,114.7,57,,,,,,,,,
"Land area in square miles, 2010",423.94,259.99,235.06,531.45,426.14,247.09,827.19,699.27,874.33,846.97,656.67,507.1,361.75,471.57,240.56,506.25,424.92,398.72,682.19,455.43,172.47,214.75,464.25,937.29,708.96,652.32,261.85,383.42,552.68,264.11,816.22,285.98,505.34,408.15,491.68,356.03,340.45,292.08,531.57,265.93,645.7,724.09,594.99,553.69,373.07,353.06,390.74,612.7,573.83,490.76,791.3,470.71,254.96,400.59,297.94,515.56,449.57,461.22,440.61,523.84,221.43,491.76,697.84,540.41,191.53,536.59,762.74,397.96,336.54,226.88,869.8,247.09,392.32,651.98,237.79,782.52,473.82,949.22,565.55,511.37,564.15,944.74,318.85,395.09,448.86,532.17,528,378.53,389.04,631.52,253.52,835.22,428.46,348.14,312.56,553.09,754.28,368.17,334.83,312.6,,,,,,,,,
FIPS Code,"""37001""","""37003""","""37005""","""37007""","""37009""","""37011""","""37013""","""37015""","""37017""","""37019""","""37021""","""37023""","""37025""","""37027""","""37029""","""37031""","""37033""","""37035""","""37037""","""37039""","""37041""","""37043""","""37045""","""37047""","""37049""","""37051""","""37053""","""37055""","""37057""","""37059""","""37061""","""37063""","""37065""","""37067""","""37069""","""37071""","""37073""","""37075""","""37077""","""37079""","""37081""","""37083""","""37085""","""37087""","""37089""","""37091""","""37093""","""37095""","""37097""","""37099""","""37101""","""37103""","""37105""","""37107""","""37109""","""37113""","""37115""","""37117""","""37111""","""37119""","""37121""","""37123""","""37125""","""37127""","""37129""","""37131""","""37133""","""37135""","""37137""","""37139""","""37141""","""37143""","""37145""","""37147""","""37149""","""37151""","""37153""","""37155""","""37157""","""37159""","""37161""","""37163""","""37165""","""37167""","""37169""","""37171""","""37173""","""37175""","""37177""","""37179""","""37181""","""37183""","""37185""","""37187""","""37189""","""37191""","""37193""","""37195""","""37197""","""37199""",,,,,,,,,
,,,,,,,,,,,,,,,,,,,,,,,,,,,,,,,,,,,,,,,,,,,,,,,,,,,,,,,,,,,,,,,,,,,,,,,,,,,,,,,,,,,,,,,,,,,,,,,,,,,,,,,,,,,,,
,,,,,,,,,,,,,,,,,,,,,,,,,,,,,,,,,,,,,,,,,,,,,,,,,,,,,,,,,,,,,,,,,,,,,,,,,,,,,,,,,,,,,,,,,,,,,,,,,,,,,,,,,,,,,
,,,,,,,,,,,,,,,,,,,,,,,,,,,,,,,,,,,,,,,,,,,,,,,,,,,,,,,,,,,,,,,,,,,,,,,,,,,,,,,,,,,,,,,,,,,,,,,,,,,,,,,,,,,,,
,,,,,,,,,,,,,,,,,,,,,,,,,,,,,,,,,,,,,,,,,,,,,,,,,,,,,,,,,,,,,,,,,,,,,,,,,,,,,,,,,,,,,,,,,,,,,,,,,,,,,,,,,,,,,
,,,,,,,,,,,,,,,,,,,,,,,,,,,,,,,,,,,,,,,,,,,,,,,,,,,,,,,,,,,,,,,,,,,,,,,,,,,,,,,,,,,,,,,,,,,,,,,,,,,,,,,,,,,,,
,,,,,,,,,,,,,,,,,,,,,,,,,,,,,,,,,,,,,,,,,,,,,,,,,,,,,,,,,,,,,,,,,,,,,,,,,,,,,,,,,,,,,,,,,,,,,,,,,,,,,,,,,,,,,
,,,,,,,,,,,,,,,,,,,,,,,,,,,,,,,,,,,,,,,,,,,,,,,,,,,,,,,,,,,,,,,,,,,,,,,,,,,,,,,,,,,,,,,,,,,,,,,,,,,,,,,,,,,,,
,,,,,,,,,,,,,,,,,,,,,,,,,,,,,,,,,,,,,,,,,,,,,,,,,,,,,,,,,,,,,,,,,,,,,,,,,,,,,,,,,,,,,,,,,,,,,,,,,,,,,,,,,,,,,
,,,,,,,,,,,,,,,,,,,,,,,,,,,,,,,,,,,,,,,,,,,,,,,,,,,,,,,,,,,,,,,,,,,,,,,,,,,,,,,,,,,,,,,,,,,,,,,,,,,,,,,,,,,,,
,,,,,,,,,,,,,,,,,,,,,,,,,,,,,,,,,,,,,,,,,,,,,,,,,,,,,,,,,,,,,,,,,,,,,,,,,,,,,,,,,,,,,,,,,,,,,,,,,,,,,,,,,,,,,
,,,,,,,,,,,,,,,,,,,,,,,,,,,,,,,,,,,,,,,,,,,,,,,,,,,,,,,,,,,,,,,,,,,,,,,,,,,,,,,,,,,,,,,,,,,,,,,,,,,,,,,,,,,,,
,,,,,,,,,,,,,,,,,,,,,,,,,,,,,,,,,,,,,,,,,,,,,,,,,,,,,,,,,,,,,,,,,,,,,,,,,,,,,,,,,,,,,,,,,,,,,,,,,,,,,,,,,,,,,
,,,,,,,,,,,,,,,,,,,,,,,,,,,,,,,,,,,,,,,,,,,,,,,,,,,,,,,,,,,,,,,,,,,,,,,,,,,,,,,,,,,,,,,,,,,,,,,,,,,,,,,,,,,,,
,,,,,,,,,,,,,,,,,,,,,,,,,,,,,,,,,,,,,,,,,,,,,,,,,,,,,,,,,,,,,,,,,,,,,,,,,,,,,,,,,,,,,,,,,,,,,,,,,,,,,,,,,,,,,
,,,,,,,,,,,,,,,,,,,,,,,,,,,,,,,,,,,,,,,,,,,,,,,,,,,,,,,,,,,,,,,,,,,,,,,,,,,,,,,,,,,,,,,,,,,,,,,,,,,,,,,,,,,,,
,,,,,,,,,,,,,,,,,,,,,,,,,,,,,,,,,,,,,,,,,,,,,,,,,,,,,,,,,,,,,,,,,,,,,,,,,,,,,,,,,,,,,,,,,,,,,,,,,,,,,,,,,,,,,
,,,,,,,,,,,,,,,,,,,,,,,,,,,,,,,,,,,,,,,,,,,,,,,,,,,,,,,,,,,,,,,,,,,,,,,,,,,,,,,,,,,,,,,,,,,,,,,,,,,,,,,,,,,,,
,,,,,,,,,,,,,,,,,,,,,,,,,,,,,,,,,,,,,,,,,,,,,,,,,,,,,,,,,,,,,,,,,,,,,,,,,,,,,,,,,,,,,,,,,,,,,,,,,,,,,,,,,,,,,
,,,,,,,,,,,,,,,,,,,,,,,,,,,,,,,,,,,,,,,,,,,,,,,,,,,,,,,,,,,,,,,,,,,,,,,,,,,,,,,,,,,,,,,,,,,,,,,,,,,,,,,,,,,,,
,,,,,,,,,,,,,,,,,,,,,,,,,,,,,,,,,,,,,,,,,,,,,,,,,,,,,,,,,,,,,,,,,,,,,,,,,,,,,,,,,,,,,,,,,,,,,,,,,,,,,,,,,,,,,
,,,,,,,,,,,,,,,,,,,,,,,,,,,,,,,,,,,,,,,,,,,,,,,,,,,,,,,,,,,,,,,,,,,,,,,,,,,,,,,,,,,,,,,,,,,,,,,,,,,,,,,,,,,,,