CountyID,county_name,CVcases,CVdeaths,CVcases/PopUni,CVdeaths/PopUni,RF0,RF1-2,RF3,RF>0,PopUni, POP2019 ,Pop <5,Pop <18,Pop >65,Female,Race_White,Race_Black,Race_Other,Race_OtherMinusAsian,Hispanic,Race_White not Hispanic,Foreign born,House_Own, House_value , House_rent ,GRWTH_BP_H,GRWTH_BP_P, House_persons ,FORLanguage,House_Computer,House_Internet,Ed_HSGRAD,ED_CollGRAD,Disability,NoINSUR,EMP_ALL,EMP_F, House_Income ,POVRATE,PopEmpRATE,Pop Density/mile
1,Alamance,1684,39, 1.04 , 0.02 ,29.84,46.18,23.98,70.16," 161,790 "," 169,509 ", 5.90 , 22.00 , 17.10 , 52.50 , 73.60 , 20.90 , 5.50 , 3.80 , 13.10 , 62.90 , 7.90 , 65.00 ," 147,800 ", 798 , 2.20 , 0.83 , 2.43 , 12.60 , 86.90 , 75.90 , 85.50 , 24.00 , 9.90 , 13.80 , 62.40 , 57.70 ," 45,735 ", 13.50 , 35.19 , 399.8 
2,Alexander,213,1, 0.59 , 0.00 ,27.12,48.32,24.56,72.88," 36,096 "," 37,497 ", 5.00 , 19.90 , 20.40 , 49.00 , 90.80 , 5.90 , 3.30 , 2.30 , 4.80 , 86.70 , 3.50 , 75.30 ," 130,600 ", 641 , 0.68 , 0.25 , 2.61 , 5.40 , 78.60 , 69.70 , 81.60 , 14.70 , 13.50 , 12.80 , 57.20 , 53.60 ," 44,961 ", 13.00 , 20.60 , 144.2 
3,Alleghany,53,0, 0.48 , -   ,24.53,44.89,30.58,75.47," 11,146 "," 11,137 ", 4.60 , 17.00 , 28.00 , 50.40 , 95.40 , 1.80 , 2.80 , 2.00 , 9.90 , 86.70 , 4.90 , 75.00 ," 126,000 ", 645 , 1.03 , 0.44 , 2.28 , 6.90 , 77.70 , 70.60 , 76.60 , 16.70 , 16.50 , 17.80 , 51.90 , 45.80 ," 37,558 ", 18.70 , 19.48 , 47.4 
4,Anson,260,1, 1.13 , 0.00 ,22.98,45.94,31.08,77.02," 22,949 "," 24,446 ", 5.30 , 19.80 , 19.30 , 48.70 , 47.40 , 48.50 , 4.10 , 2.60 , 4.10 , 44.30 , 3.00 , 66.90 ," 89,300 ", 705 , 0.49 , 0.19 , 2.47 , 5.30 , 78.60 , 69.00 , 80.50 , 9.60 , 12.50 , 13.40 , 54.80 , 54.10 ," 39,126 ", 20.50 , 21.48 , 46.0 
5,Ashe,73,1, 0.27 , 0.00 ,25.75,43.99,30.26,74.25," 27,068 "," 27,203 ", 3.90 , 17.40 , 26.60 , 51.00 , 96.90 , 1.00 , 2.10 , 1.60 , 5.10 , 92.30 , 3.50 , 75.20 ," 152,500 ", 596 , 0.97 , 0.42 , 2.23 , 5.30 , 78.30 , 69.40 , 84.20 , 19.00 , 10.40 , 15.40 , 57.90 , 54.30 ," 40,978 ", 16.90 , 21.84 , 63.8 
6,Avery,42,0, 0.28 , -   ,27.07,43.31,29.62,72.93," 15,235 "," 17,557 ", 3.70 , 14.70 , 22.90 , 45.80 , 92.90 , 4.70 , 2.40 , 1.80 , 5.10 , 88.50 , 3.30 , 74.70 ," 150,600 ", 765 , 1.99 , 0.75 , 2.15 , 5.50 , 79.10 , 67.20 , 82.30 , 20.60 , 12.90 , 18.10 , 46.10 , 48.70 ," 38,134 ", 16.80 , 25.82 , 71.1 
7,Beaufort,197,0, 0.42 , -   ,24.94,43.99,31.07,75.06," 46,988 "," 46,994 ", 4.80 , 19.80 , 24.60 , 52.50 , 72.00 , 24.80 , 3.20 , 2.70 , 8.00 , 65.90 , 3.00 , 70.40 ," 128,300 ", 713 , 0.84 , 0.34 , 2.42 , 5.80 , 79.00 , 65.40 , 87.60 , 19.40 , 13.10 , 13.10 , 53.60 , 49.60 ," 43,688 ", 18.10 , 28.21 , 56.8 
8,Bertie,178,4, 0.99 , 0.02 ,20.87,44.66,34.47,79.13," 17,932 "," 18,947 ", 4.30 , 17.40 , 23.60 , 49.30 , 36.20 , 61.10 , 2.70 , 1.90 , 2.40 , 34.70 , 0.90 , 74.90 ," 80,900 ", 668 , 0.24 , 0.10 , 2.29 , 3.70 , 71.60 , 55.50 , 78.70 , 13.40 , 14.10 , 12.60 , 51.30 , 50.30 ," 33,143 ", 23.50 , 25.67 , 27.1 
9,Bladen,485,5, 1.46 , 0.02 ,19.06,45.49,35.45,80.94," 33,129 "," 32,722 ", 4.90 , 20.30 , 22.80 , 52.50 , 60.80 , 34.00 , 5.20 , 4.90 , 7.80 , 54.90 , 4.20 , 70.80 ," 90,000 ", 653 , 0.37 , 0.16 , 2.38 , 8.10 , 77.70 , 65.20 , 80.10 , 15.10 , 15.10 , 17.80 , 50.20 , 46.50 ," 32,378 ", 29.10 , 30.83 , 37.4 
10,Brunswick,943,13, 0.69 , 0.01 ,23.67,44.25,32.08,76.33," 136,484 "," 142,820 ", 3.70 , 14.70 , 32.60 , 52.30 , 86.50 , 10.00 , 3.50 , 2.80 , 4.90 , 82.30 , 4.00 , 79.00 ," 199,900 ", 903 , 6.18 , 2.35 , 2.32 , 5.20 , 90.90 , 81.20 , 90.40 , 28.60 , 12.90 , 13.70 , 49.90 , 46.10 ," 54,406 ", 10.50 , 18.96 , 168.6 
11,Buncombe,1140,50, 0.45 , 0.02 ,30.96,45.38,23.65,69.03," 255,419 "," 261,191 ", 4.80 , 18.20 , 20.50 , 52.10 , 89.40 , 6.30 , 4.30 , 2.90 , 6.80 , 83.40 , 5.70 , 63.80 ," 222,300 ", 933 , 1.96 , 0.80 , 2.31 , 7.80 , 87.50 , 80.90 , 91.00 , 39.20 , 9.20 , 12.50 , 61.50 , 57.00 ," 50,668 ", 11.50 , 47.67 , 397.8 
12,Burke,1315,22, 1.49 , 0.02 ,26.87,47.05,26.08,73.13," 88,551 "," 90,485 ", 4.80 , 18.40 , 20.70 , 50.00 , 86.10 , 6.90 , 7.00 , 3.40 , 6.50 , 81.40 , 4.40 , 72.30 ," 116,400 ", 642 , 0.84 , 0.32 , 2.50 , 8.00 , 78.80 , 68.30 , 80.90 , 16.60 , 14.90 , 13.60 , 56.30 , 53.50 ," 42,516 ", 14.00 , 27.59 , 178.4 
13,Cabarrus,1949,34, 0.92 , 0.02 ,35.33,46.94,17.74,64.68," 210,806 "," 216,453 ", 6.40 , 25.40 , 13.40 , 51.20 , 72.40 , 19.60 , 8.00 , 3.30 , 11.10 , 63.40 , 8.00 , 71.50 ," 189,100 ", 884 , 3.75 , 1.25 , 2.76 , 12.60 , 92.50 , 87.70 , 90.00 , 31.20 , 7.00 , 10.60 , 68.20 , 62.40 ," 64,174 ", 9.00 , 31.14 , 598.3 
14,Caldwell,771,6, 0.95 , 0.01 ,26.7,48.09,25.21,73.3," 81,574 "," 82,178 ", 5.10 , 19.90 , 20.40 , 50.50 , 91.50 , 5.20 , 3.30 , 2.50 , 5.90 , 86.70 , 3.50 , 71.30 ," 115,700 ", 643 , 0.22 , 0.09 , 2.48 , 5.70 , 81.90 , 74.70 , 79.70 , 15.30 , 13.40 , 14.40 , 58.00 , 52.60 ," 42,072 ", 15.90 , 26.92 , 174.3 
15,Camden,45,2, 0.42 , 0.02 ,32.3,45.75,21.95,67.7," 10,710 "," 10,867 ", 5.00 , 22.60 , 16.90 , 50.10 , 82.70 , 11.50 , 5.80 , 3.70 , 3.00 , 80.50 , 2.90 , 80.50 ," 210,300 "," 1,045 ", 2.16 , 0.76 , 2.71 , 5.40 , 89.00 , 83.60 , 85.60 , 17.90 , 9.50 , 11.90 , 60.30 , 54.50 ," 63,349 ", 8.30 , 4.61 , 45.2 
16,Carteret,176,4, 0.25 , 0.01 ,24.52,47.72,27.76,75.48," 69,101 "," 69,473 ", 4.00 , 17.20 , 25.70 , 51.00 , 90.10 , 5.60 , 4.30 , 3.00 , 4.40 , 86.50 , 3.30 , 72.20 ," 207,900 ", 896 , 1.66 , 0.71 , 2.28 , 5.50 , 90.20 , 82.40 , 91.10 , 28.40 , 14.50 , 13.30 , 56.40 , 52.90 ," 54,428 ", 9.80 , 28.67 , 137.2 
17,Caswell,167,2, 0.77 , 0.01 ,22.8,45.1,32.1,77.2," 21,572 "," 22,604 ", 4.90 , 18.70 , 22.10 , 49.20 , 64.50 , 32.30 , 3.20 , 2.60 , 4.60 , 61.00 , 2.50 , 78.80 ," 109,100 ", 553 , 0.23 , 0.09 , 2.38 , 3.90 , 75.80 , 63.10 , 79.50 , 15.50 , 12.60 , 13.20 , 54.30 , 52.10 ," 43,961 ", 17.10 , 7.90 , 53.2 
18,Catawba,1469,14, 0.93 , 0.01 ,28.96,46.96,24.08,71.04," 157,331 "," 159,551 ", 5.60 , 21.90 , 18.30 , 51.10 , 83.90 , 8.90 , 7.20 , 2.70 , 10.10 , 74.90 , 7.00 , 69.40 ," 141,900 ", 724 , 1.39 , 0.53 , 2.52 , 12.90 , 86.20 , 78.80 , 85.20 , 21.90 , 10.00 , 13.50 , 62.40 , 56.90 ," 51,157 ", 13.00 , 52.00 , 400.2 
19,Chatham,1106,47, 1.51 , 0.06 ,26.42,45.45,28.13,73.58," 73,067 "," 74,470 ", 4.80 , 19.90 , 25.00 , 52.20 , 82.20 , 12.40 , 5.40 , 3.20 , 12.10 , 72.10 , 8.70 , 76.50 ," 265,900 ", 833 , 3.16 , 1.21 , 2.42 , 14.40 , 87.50 , 76.80 , 88.20 , 41.30 , 10.30 , 13.40 , 58.00 , 52.20 ," 63,531 ", 9.30 , 19.17 , 109.2 
20,Cherokee,118,2, 0.42 , 0.01 ,23.26,44.04,32.7,76.74," 28,275 "," 28,612 ", 4.20 , 16.50 , 30.50 , 51.30 , 93.60 , 1.60 , 4.80 , 4.10 , 3.30 , 91.10 , 2.60 , 80.20 ," 152,200 ", 718 , 1.60 , 0.66 , 2.29 , 3.60 , 81.90 , 69.90 , 86.30 , 19.20 , 13.70 , 15.20 , 47.00 , 44.80 ," 40,294 ", 18.80 , 25.55 , 62.8 
21,Chowan,51,0, 0.36 , -   ,25.19,42.76,32.05,74.81," 13,998 "," 13,943 ", 5.00 , 19.90 , 25.30 , 52.40 , 62.60 , 34.40 , 3.00 , 2.20 , 3.70 , 59.80 , 2.30 , 69.30 ," 124,700 ", 751 , 0.32 , 0.14 , 2.33 , 2.00 , 80.60 , 67.10 , 84.00 , 19.80 , 10.30 , 12.00 , 51.60 , 42.90 ," 42,621 ", 17.20 , 29.17 , 80.8 
22,Clay,31,0, 0.28 , -   ,16.51,48.52,34.97,83.49," 11,133 "," 11,231 ", 4.40 , 16.70 , 31.90 , 51.40 , 95.90 , 1.30 , 2.80 , 2.40 , 3.90 , 92.50 , 3.20 , 76.20 ," 165,900 ", 714 , 1.28 , 0.58 , 2.13 , 2.80 , 86.90 , 76.00 , 88.50 , 22.80 , 13.40 , 16.30 , 49.70 , 41.90 ," 38,801 ", 14.60 , 15.20 , 52.3 
23,Cleveland,671,10, 0.70 , 0.01 ,26.69,45.07,28.24,73.31," 96,296 "," 97,947 ", 5.70 , 21.90 , 19.00 , 51.90 , 75.80 , 20.80 , 3.40 , 2.30 , 3.80 , 72.80 , 2.40 , 67.50 ," 114,300 ", 698 , 0.44 , 0.17 , 2.59 , 4.30 , 76.00 , 63.10 , 84.00 , 17.40 , 11.40 , 13.10 , 55.70 , 51.90 ," 40,393 ", 19.10 , 31.10 , 211.0 
24,Columbus,713,39, 1.34 , 0.07 ,23.74,42.64,33.63,76.27," 53,082 "," 55,508 ", 5.20 , 20.70 , 20.60 , 50.40 , 63.10 , 30.60 , 6.30 , 5.80 , 5.60 , 59.10 , 3.30 , 71.90 ," 87,300 ", 615 , 0.24 , 0.10 , 2.39 , 6.50 , 74.40 , 61.50 , 81.60 , 13.10 , 14.20 , 15.60 , 46.60 , 46.40 ," 36,398 ", 25.30 , 20.70 , 59.2 
25,Craven,509,8, 0.50 , 0.01 ,24.43,49.08,26.5,75.58," 101,941 "," 102,139 ", 6.20 , 21.30 , 19.70 , 49.50 , 71.80 , 21.40 , 6.80 , 3.90 , 7.60 , 65.60 , 4.50 , 62.50 ," 158,300 ", 878 , 1.14 , 0.46 , 2.40 , 8.30 , 89.60 , 80.60 , 88.20 , 25.70 , 12.20 , 11.70 , 53.20 , 51.80 ," 50,870 ", 14.90 , 27.77 , 144.1 
26,Cumberland,1917,46, 0.58 , 0.01 ,27.62,51.78,20.6,72.38," 329,413 "," 335,509 ", 7.50 , 24.70 , 12.20 , 50.40 , 51.10 , 39.10 , 9.80 , 7.10 , 12.10 , 42.40 , 6.40 , 51.00 ," 132,500 ", 922 , 0.77 , 0.29 , 2.55 , 11.60 , 89.50 , 81.70 , 90.70 , 25.00 , 13.20 , 10.70 , 53.60 , 55.10 ," 45,716 ", 17.00 , 27.83 , 514.3 
27,Currituck,48,0, 0.18 , -   ,30.44,46.59,22.96,69.55," 27,034 "," 27,763 ", 5.60 , 21.90 , 16.40 , 50.20 , 90.50 , 5.80 , 3.70 , 2.90 , 4.40 , 86.90 , 2.00 , 82.60 ," 251,800 "," 1,107 ", 4.41 , 1.61 , 2.53 , 3.60 , 90.90 , 80.40 , 89.20 , 23.10 , 11.10 , 12.60 , 61.10 , 55.10 ," 66,284 ", 9.70 , 17.41 , 106.0 
28,Dare,260,1, 0.71 , 0.00 ,28.21,48.08,23.72,71.8," 36,445 "," 37,009 ", 4.40 , 18.70 , 22.20 , 50.90 , 93.80 , 2.80 , 3.40 , 2.50 , 7.70 , 87.00 , 4.80 , 70.90 ," 287,600 "," 1,086 ", 2.32 , 0.97 , 2.30 , 7.60 , 94.20 , 87.40 , 93.30 , 33.00 , 9.90 , 14.80 , 64.40 , 61.20 ," 58,012 ", 8.30 , 40.41 , 96.5 
29,Davidson,1414,16, 0.85 , 0.01 ,29.17,47.24,23.59,70.83," 166,048 "," 167,609 ", 5.50 , 21.70 , 18.50 , 51.10 , 85.60 , 10.10 , 4.30 , 2.70 , 7.40 , 79.40 , 5.00 , 70.10 ," 137,000 ", 694 , 1.05 , 0.41 , 2.49 , 8.00 , 84.70 , 75.90 , 83.40 , 18.50 , 11.40 , 14.20 , 60.40 , 54.50 ," 47,271 ", 15.00 , 22.64 , 303.3 
30,Davie,275,3, 0.64 , 0.01 ,28.36,47.91,23.73,71.64," 42,691 "," 42,846 ", 4.90 , 20.90 , 21.70 , 51.20 , 90.00 , 6.50 , 3.50 , 2.60 , 7.30 , 83.90 , 4.70 , 77.80 ," 172,700 ", 735 , 1.48 , 0.55 , 2.60 , 7.50 , 87.20 , 80.90 , 86.70 , 22.90 , 10.40 , 13.10 , 59.50 , 53.90 ," 57,611 ", 10.80 , 22.54 , 162.2 
31,Duplin,1766,33, 3.00 , 0.06 ,20.55,47.26,32.2,79.46," 58,856 "," 58,741 ", 6.20 , 23.80 , 19.40 , 51.20 , 70.40 , 25.50 , 4.10 , 3.40 , 23.00 , 51.00 , 11.80 , 70.00 ," 87,000 ", 666 , 0.22 , 0.08 , 2.69 , 20.30 , 77.60 , 60.90 , 74.20 , 11.10 , 13.70 , 20.70 , 58.10 , 51.20 ," 38,850 ", 20.40 , 22.47 , 72.0 
32,Durham,5072,73, 1.66 , 0.02 ,27.86,48.28,23.86,72.14," 305,428 "," 321,488 ", 6.30 , 20.40 , 13.60 , 52.30 , 54.00 , 36.90 , 9.10 , 3.60 , 13.70 , 43.00 , 13.80 , 53.80 ," 209,300 "," 1,014 ", 3.20 , 1.23 , 2.37 , 18.80 , 91.80 , 85.40 , 88.40 , 47.50 , 7.00 , 12.60 , 67.60 , 65.20 ," 58,190 ", 13.50 , 60.82 ," 1,124.2 "
33,Edgecombe,440,10, 0.85 , 0.02 ,23.54,47.06,29.39,76.45," 51,663 "," 51,472 ", 5.70 , 22.50 , 20.40 , 53.80 , 39.70 , 57.80 , 2.50 , 2.20 , 5.00 , 36.00 , 2.20 , 59.40 ," 85,200 ", 677 , 0.15 , 0.06 , 2.46 , 4.40 , 74.40 , 61.60 , 79.70 , 12.70 , 12.10 , 12.70 , 55.50 , 52.30 ," 35,516 ", 22.90 , 22.57 , 101.9 
34,Forsyth,4196,41, 1.13 , 0.01 ,28.8,47.17,24.03,71.2," 370,613 "," 382,295 ", 5.80 , 22.70 , 16.40 , 52.70 , 66.60 , 27.50 , 5.90 , 3.30 , 13.30 , 56.30 , 8.80 , 61.50 ," 154,500 ", 791 , 1.54 , 0.59 , 2.46 , 14.70 , 88.60 , 79.30 , 88.80 , 33.80 , 6.70 , 12.80 , 61.50 , 56.90 ," 50,128 ", 16.40 , 46.97 , 936.7 
35,Franklin,591,23, 0.89 , 0.03 ,27.28,47.04,25.68,72.72," 66,458 "," 69,685 ", 5.60 , 21.80 , 17.10 , 50.50 , 70.10 , 25.90 , 4.00 , 3.30 , 9.00 , 63.00 , 5.50 , 73.30 ," 143,700 ", 810 , 3.71 , 1.32 , 2.56 , 7.40 , 84.50 , 75.40 , 84.10 , 21.30 , 11.10 , 13.80 , 60.50 , 56.00 ," 53,175 ", 12.70 , 15.29 , 141.7 
36,Gaston,2267,19, 1.02 , 0.01 ,31.08,47.74,21.19,68.93," 221,396 "," 224,529 ", 5.90 , 22.40 , 16.30 , 51.70 , 77.60 , 17.90 , 4.50 , 2.90 , 7.60 , 71.10 , 5.50 , 66.30 ," 136,500 ", 808 , 1.71 , 0.62 , 2.62 , 8.20 , 85.30 , 77.70 , 84.70 , 20.60 , 11.50 , 12.40 , 61.30 , 55.80 ," 49,384 ", 14.20 , 29.91 , 630.6 
37,Gates,32,2, 0.28 , 0.02 ,27.65,48.18,24.17,72.35," 11,573 "," 11,562 ", 4.60 , 20.20 , 20.90 , 50.50 , 65.30 , 31.20 , 3.50 , 3.20 , 2.40 , 63.60 , 0.60 , 78.30 ," 144,000 ", 794 , 0.69 , 0.27 , 2.57 , 2.10 , 80.90 , 67.10 , 86.30 , 14.40 , 16.00 , 10.80 , 58.80 , 54.50 ," 52,205 ", 15.20 , 7.15 , 34.0 
38,Graham,10,0, 0.12 , -   ,24.72,41.3,33.98,75.28," 8,478 "," 8,441 ", 4.80 , 19.80 , 24.50 , 50.00 , 88.60 , 0.50 , 10.90 , 10.40 , 3.70 , 86.10 , 1.00 , 84.00 ," 119,200 ", 556 , 0.06 , 0.02 , 2.57 , 1.70 , 61.80 , 49.70 , 81.00 , 13.50 , 12.20 , 18.50 , 48.60 , 41.20 ," 36,525 ", 18.90 , 21.63 , 28.9 
39,Granville,1030,25, 1.80 , 0.04 ,24.66,46.95,28.39,75.34," 57,097 "," 60,443 ", 5.10 , 20.50 , 17.70 , 49.20 , 64.50 , 31.90 , 3.60 , 2.90 , 8.50 , 57.80 , 4.50 , 73.60 ," 149,400 ", 805 , 1.62 , 0.56 , 2.62 , 8.00 , 85.30 , 75.70 , 84.20 , 22.30 , 11.50 , 12.50 , 58.10 , 57.80 ," 55,628 ", 13.00 , 25.98 , 113.7 
40,Greene,252,3, 1.36 , 0.02 ,22.93,48.22,28.85,77.07," 18,597 "," 21,069 ", 5.00 , 19.90 , 17.00 , 45.20 , 58.70 , 36.80 , 4.50 , 3.90 , 15.70 , 46.60 , 7.60 , 70.70 ," 85,900 ", 668 , 0.34 , 0.12 , 2.56 , 15.40 , 83.00 , 71.90 , 74.10 , 10.50 , 18.10 , 19.60 , 52.30 , 51.80 ," 38,306 ", 23.50 , 10.03 , 79.2 
41,Guilford,4127,133, 0.80 , 0.03 ,27.54,47.97,24.49,72.46," 519,031 "," 537,174 ", 5.80 , 22.10 , 15.50 , 52.70 , 56.00 , 35.40 , 8.60 , 3.30 , 8.40 , 49.40 , 10.30 , 58.90 ," 162,400 ", 850 , 0.96 , 0.36 , 2.49 , 13.10 , 86.20 , 72.60 , 89.10 , 35.30 , 7.50 , 11.50 , 63.40 , 58.70 ," 51,072 ", 15.40 , 48.67 , 831.9 
42,Halifax,474,4, 0.96 , 0.01 ,21.74,47.41,30.85,78.26," 49,558 "," 50,010 ", 5.50 , 21.20 , 21.40 , 51.80 , 39.90 , 53.80 , 6.30 , 5.40 , 3.10 , 38.00 , 2.00 , 62.70 ," 86,100 ", 698 , 0.24 , 0.10 , 2.38 , 3.40 , 75.60 , 56.90 , 77.50 , 14.40 , 13.90 , 13.30 , 50.80 , 49.00 ," 34,251 ", 22.00 , 26.51 , 69.1 
43,Harnett,880,32, 0.67 , 0.02 ,28.36,47.9,23.74,71.64," 131,424 "," 135,976 ", 7.30 , 25.70 , 12.80 , 50.50 , 71.30 , 21.90 , 6.80 , 5.50 , 13.40 , 60.70 , 6.00 , 64.50 ," 148,400 ", 864 , 1.42 , 0.47 , 2.82 , 10.50 , 89.20 , 76.30 , 86.30 , 20.70 , 10.10 , 14.00 , 55.60 , 53.70 ," 51,630 ", 14.40 , 16.12 , 228.5 
44,Haywood,171,0, 0.28 , -   ,25.51,45.91,28.59,74.5," 61,941 "," 62,317 ", 4.90 , 18.20 , 25.00 , 51.70 , 95.90 , 1.40 , 2.70 , 2.10 , 4.30 , 92.20 , 2.50 , 71.90 ," 175,600 ", 748 , 1.65 , 0.70 , 2.28 , 3.70 , 82.70 , 69.10 , 88.10 , 25.00 , 12.30 , 12.30 , 54.80 , 49.70 ," 49,800 ", 13.10 , 24.80 , 112.5 
45,Henderson,1098,52, 0.94 , 0.04 ,27.44,44.91,27.65,72.56," 116,568 "," 117,417 ", 4.80 , 18.70 , 26.40 , 52.00 , 92.50 , 3.40 , 4.10 , 2.80 , 10.30 , 83.10 , 7.30 , 72.50 ," 203,400 ", 823 , 1.28 , 0.53 , 2.32 , 10.20 , 86.90 , 79.50 , 89.90 , 31.80 , 9.70 , 14.60 , 56.60 , 51.10 ," 52,815 ", 9.70 , 29.52 , 314.7 
46,Hertford,195,11, 0.91 , 0.05 ,17.81,45.18,37.01,82.19," 21,461 "," 23,677 ", 4.50 , 18.50 , 20.40 , 50.20 , 35.50 , 61.00 , 3.50 , 2.70 , 4.10 , 32.70 , 3.30 , 67.10 ," 85,400 ", 733 , 0.02 , 0.01 , 2.47 , 5.00 , 76.70 , 60.00 , 79.20 , 14.60 , 15.20 , 12.30 , 52.00 , 52.90 ," 37,005 ", 23.20 , 31.09 , 67.1 
47,Hoke,540,5, 1.00 , 0.01 ,31.67,48.33,20,68.33," 54,017 "," 55,234 ", 8.30 , 27.10 , 10.60 , 50.70 , 49.00 , 35.50 , 15.50 , 14.00 , 13.90 , 38.70 , 5.90 , 67.60 ," 139,000 ", 877 , 1.34 , 0.43 , 2.92 , 11.60 , 86.40 , 78.30 , 86.00 , 18.40 , 13.40 , 15.30 , 52.40 , 53.60 ," 47,535 ", 18.00 , 10.32 , 141.4 
48,Hyde,33,0, 0.71 , -   ,15.77,38.86,45.36,84.22," 4,634 "," 4,937 ", 3.70 , 17.00 , 22.60 , 46.60 , 70.10 , 26.70 , 3.20 , 2.50 , 9.80 , 61.80 , 4.40 , 68.10 ," 108,300 ", 801 , 0.28 , 0.10 , 2.68 , 12.00 , 78.60 , 55.20 , 81.60 , 9.40 , 6.80 , 17.20 , 51.10 , 53.30 ," 45,466 ", 22.20 , 15.62 , 8.1 
49,Iredell,1334,11, 0.75 , 0.01 ,33.23,46.59,20.19,66.78," 178,057 "," 181,806 ", 5.50 , 22.70 , 16.20 , 50.80 , 82.30 , 12.30 , 5.40 , 2.60 , 8.00 , 75.40 , 6.30 , 71.90 ," 180,700 ", 854 , 1.94 , 0.69 , 2.62 , 9.30 , 89.00 , 80.20 , 89.00 , 27.50 , 9.60 , 12.10 , 64.70 , 57.40 ," 58,198 ", 9.50 , 38.81 , 316.8 
50,Jackson,279,3, 0.71 , 0.01 ,24.43,47.54,28.03,75.57," 39,510 "," 43,938 ", 4.40 , 16.40 , 19.90 , 50.80 , 85.20 , 2.40 , 12.40 , 11.30 , 6.20 , 80.60 , 3.00 , 64.50 ," 192,300 ", 723 , 4.50 , 1.70 , 2.32 , 5.70 , 83.10 , 67.20 , 88.40 , 30.50 , 10.10 , 17.40 , 54.50 , 51.20 ," 44,028 ", 16.70 , 27.31 , 89.5 
51,Johnston,2386,39, 1.18 , 0.02 ,31.32,46.82,21.86,68.68," 201,842 "," 209,339 ", 6.20 , 25.20 , 13.60 , 51.00 , 78.80 , 17.00 , 4.20 , 3.30 , 14.10 , 66.80 , 7.70 , 71.60 ," 156,800 ", 848 , 3.95 , 1.27 , 2.82 , 12.40 , 89.20 , 76.20 , 86.30 , 21.80 , 10.50 , 13.60 , 64.50 , 59.90 ," 56,842 ", 11.70 , 20.14 , 264.6 
52,Jones,43,3, 0.45 , 0.03 ,25.17,42.97,31.85,74.82," 9,613 "," 9,419 ", 4.90 , 18.20 , 24.00 , 51.40 , 67.10 , 29.30 , 3.60 , 3.00 , 5.10 , 62.90 , 2.90 , 72.80 ," 88,700 ", 644 , 0.53 , 0.23 , 2.31 , 5.10 , 74.80 , 56.50 , 81.60 , 13.10 , 18.80 , 15.80 , 52.70 , 46.00 ," 36,892 ", 16.20 , 8.93 , 20.0 
53,Lee,990,8, 1.62 , 0.01 ,25.78,48.62,25.6,74.22," 61,057 "," 61,779 ", 6.30 , 23.70 , 16.80 , 51.20 , 74.70 , 20.00 , 5.30 , 3.90 , 19.60 , 57.80 , 10.30 , 66.60 ," 138,300 ", 749 , 0.85 , 0.30 , 2.72 , 18.00 , 84.10 , 74.40 , 83.40 , 20.90 , 11.60 , 16.20 , 61.50 , 56.30 ," 48,873 ", 15.70 , 40.97 , 242.3 
54,Lenoir,451,11, 0.81 , 0.02 ,22.12,46.71,31.17,77.88," 55,780 "," 55,949 ", 5.60 , 22.40 , 20.20 , 52.20 , 55.40 , 41.40 , 3.20 , 2.50 , 7.90 , 48.90 , 4.30 , 59.40 ," 95,700 ", 724 , 0.39 , 0.16 , 2.42 , 8.00 , 82.00 , 74.40 , 80.40 , 14.50 , 19.10 , 14.20 , 58.10 , 52.20 ," 38,387 ", 22.10 , 42.45 , 139.7 
55,Lincoln,547,2, 0.65 , 0.00 ,30.17,47.13,22.69,69.82," 83,546 "," 86,111 ", 5.20 , 21.10 , 17.90 , 50.40 , 91.30 , 5.80 , 2.90 , 2.10 , 7.50 , 84.60 , 4.80 , 76.40 ," 160,800 ", 726 , 2.26 , 0.84 , 2.52 , 7.30 , 86.50 , 79.00 , 85.60 , 21.40 , 11.50 , 12.40 , 61.60 , 55.00 ," 53,318 ", 10.30 , 22.65 , 289.0 
56,Macon,381,1, 1.08 , 0.00 ,27.43,44.8,27.77,72.57," 35,273 "," 35,858 ", 4.80 , 18.40 , 28.90 , 51.50 , 95.10 , 1.70 , 3.20 , 2.20 , 7.40 , 88.60 , 5.10 , 72.80 ," 165,800 ", 747 , 0.03 , 0.01 , 2.17 , 6.60 , 82.10 , 70.70 , 88.60 , 24.20 , 11.30 , 17.90 , 50.80 , 44.60 ," 43,597 ", 16.30 , 26.61 , 69.6 
57,Madison,22,0, 0.11 , -   ,22.86,45.05,32.09,77.14," 20,922 "," 21,755 ", 4.70 , 17.50 , 23.10 , 50.70 , 96.10 , 1.50 , 2.40 , 1.90 , 2.40 , 93.90 , 1.90 , 72.60 ," 180,400 ", 678 , 1.24 , 0.48 , 2.40 , 2.30 , 81.00 , 70.50 , 85.40 , 27.60 , 12.20 , 12.50 , 56.20 , 52.30 ," 42,410 ", 17.00 , 13.85 , 48.4 
58,Martin,184,6, 0.81 , 0.03 ,24.84,46.86,28.29,75.15," 22,661 "," 22,440 ", 5.50 , 20.20 , 23.90 , 53.00 , 55.30 , 42.10 , 2.60 , 2.10 , 4.10 , 52.30 , 1.90 , 69.70 ," 88,400 ", 671 ,#VALUE!,#VALUE!, 2.42 , 4.00 , 79.40 , 62.10 , 83.30 , 16.80 , 13.10 , 12.00 , 55.00 , 51.50 ," 39,205 ", 20.30 , 23.81 , 48.7 
59,McDowell,373,3, 0.83 , 0.01 ,22.59,47.5,29.91,77.41," 44,749 "," 45,756 ", 5.00 , 20.00 , 20.80 , 50.20 , 92.30 , 4.20 , 3.50 , 2.40 , 6.40 , 87.20 , 3.90 , 71.80 ," 113,900 ", 643 , 0.71 , 0.28 , 2.45 , 6.60 , 81.40 , 70.10 , 83.80 , 16.90 , 16.40 , 13.80 , 53.50 , 49.60 ," 40,913 ", 15.40 , 29.90 , 103.8 
60,Mecklenburg,17379,179, 1.60 , 0.02 ,30.26,48.8,20.94,69.74," 1,083,098 "," 1,110,356 ", 6.60 , 23.30 , 11.50 , 51.90 , 57.30 , 33.00 , 9.70 , 3.40 , 13.80 , 46.10 , 15.00 , 56.50 ," 219,800 "," 1,099 ", 3.08 , 1.12 , 2.57 , 19.70 , 93.40 , 86.50 , 90.10 , 44.80 , 5.70 , 13.00 , 71.10 , 65.50 ," 64,312 ", 11.70 , 57.07 ," 2,119.6 "
61,Mitchell,60,1, 0.40 , 0.01 ,27.62,46.61,25.76,72.37," 14,933 "," 14,964 ", 4.80 , 18.30 , 25.50 , 50.60 , 96.00 , 0.80 , 3.20 , 2.50 , 6.20 , 91.10 , 3.30 , 80.30 ," 150,100 ", 591 , 0.39 , 0.17 , 2.31 , 6.20 , 76.70 , 67.10 , 84.50 , 18.80 , 12.00 , 14.50 , 51.70 , 44.50 ," 44,186 ", 16.10 , 24.73 , 67.6 
62,Montgomery,452,10, 1.71 , 0.04 ,25.66,45.46,28.88,74.34," 26,384 "," 27,173 ", 5.20 , 21.70 , 21.10 , 51.10 , 76.40 , 19.00 , 4.60 , 3.00 , 15.60 , 62.90 , 8.80 , 72.70 ," 108,300 ", 575 , 0.75 , 0.29 , 2.51 , 14.90 , 75.60 , 67.30 , 79.30 , 14.70 , 9.80 , 15.40 , 50.80 , 48.50 ," 42,346 ", 16.70 , 28.88 , 55.3 
63,Moore,708,14, 0.72 , 0.01 ,27.84,45.14,27.03,72.17," 98,678 "," 100,880 ", 5.90 , 21.40 , 24.00 , 51.70 , 83.10 , 12.00 , 4.90 , 3.30 , 7.10 , 77.00 , 4.50 , 75.30 ," 210,200 ", 855 , 2.15 , 0.83 , 2.42 , 7.30 , 85.60 , 80.70 , 90.40 , 36.90 , 10.10 , 11.90 , 54.40 , 51.30 ," 57,899 ", 10.50 , 32.12 , 144.6 
64,Nash,755,6, 0.81 , 0.01 ,26.51,46.1,27.39,73.49," 92,655 "," 94,298 ", 5.60 , 21.80 , 19.00 , 52.10 , 54.70 , 41.30 , 4.00 , 3.00 , 7.40 , 48.90 , 4.20 , 65.70 ," 126,200 ", 769 , 0.54 , 0.21 , 2.50 , 6.80 , 82.90 , 73.40 , 85.40 , 20.90 , 11.00 , 12.10 , 61.20 , 58.30 ," 48,362 ", 14.20 , 39.89 , 174.5 
65,New Hanover,1779,11, 0.79 , 0.00 ,29.77,46.52,23.71,70.23," 225,771 "," 234,473 ", 4.70 , 18.20 , 18.40 , 52.40 , 82.20 , 13.40 , 4.40 , 2.80 , 5.80 , 77.40 , 5.10 , 57.20 ," 233,700 ", 978 , 3.21 , 1.28 , 2.32 , 6.40 , 91.00 , 83.50 , 92.90 , 39.30 , 9.00 , 11.70 , 62.30 , 59.10 ," 52,716 ", 15.30 , 43.51 ," 1,224.2 "
66,Northampton,233,16, 1.22 , 0.08 ,19.79,44.44,35.78,80.22," 19,155 "," 19,483 ", 4.70 , 17.20 , 27.00 , 51.00 , 40.40 , 57.20 , 2.40 , 2.10 , 2.60 , 38.80 , 1.60 , 69.00 ," 83,100 ", 701 , 0.23 , 0.10 , 2.24 , 2.60 , 71.50 , 51.20 , 79.50 , 12.80 , 14.90 , 12.50 , 46.00 , 43.60 ," 35,499 ", 21.40 , 22.43 , 36.3 
67,Onslow,558,6, 0.28 , 0.00 ,28.94,54.15,16.91,71.06," 197,363 "," 197,938 ", 8.70 , 24.60 , 9.60 , 45.10 , 76.20 , 15.80 , 8.00 , 5.80 , 12.90 , 65.70 , 4.00 , 52.80 ," 153,900 ", 998 , 2.08 , 0.67 , 2.71 , 10.30 , 93.30 , 85.50 , 91.20 , 21.40 , 14.20 , 9.90 , 46.40 , 54.60 ," 49,491 ", 15.10 , 18.31 , 259.5 
68,Orange,1102,45, 0.80 , 0.03 ,32.52,46.87,20.62,67.49," 138,511 "," 148,476 ", 4.40 , 19.20 , 14.60 , 52.30 , 76.90 , 11.80 , 11.30 , 3.20 , 8.60 , 69.50 , 13.30 , 61.90 ," 292,500 "," 1,077 ", 0.94 , 0.33 , 2.51 , 17.00 , 93.50 , 87.40 , 92.70 , 57.60 , 5.90 , 10.40 , 64.80 , 62.10 ," 68,211 ", 12.40 , 32.21 , 373.1 
69,Pamlico,43,1, 0.36 , 0.01 ,18.94,44.39,36.67,81.06," 12,051 "," 12,726 ", 3.70 , 15.10 , 30.40 , 49.10 , 77.60 , 18.90 , 3.50 , 2.90 , 4.30 , 74.20 , 2.90 , 75.10 ," 154,500 ", 706 , 1.20 , 0.50 , 2.25 , 5.10 , 84.50 , 69.30 , 88.00 , 19.40 , 14.20 , 13.20 , 47.30 , 46.50 ," 44,947 ", 16.60 , 17.32 , 37.8 
70,Pasquotank,267,17, 0.70 , 0.04 ,24.29,47.26,28.45,75.71," 38,023 "," 39,824 ", 6.10 , 22.00 , 17.20 , 51.10 , 58.50 , 36.60 , 4.90 , 3.30 , 5.80 , 54.30 , 3.90 , 61.00 ," 158,700 ", 864 , 0.97 , 0.36 , 2.51 , 7.00 , 84.40 , 74.00 , 86.50 , 20.50 , 10.20 , 11.60 , 55.50 , 52.70 ," 48,279 ", 18.20 , 27.84 , 175.5 
71,Pender,473,2, 0.77 , 0.00 ,28.15,46.08,25.77,71.85," 61,347 "," 63,060 ", 5.70 , 22.20 , 18.60 , 50.20 , 81.50 , 14.70 , 3.80 , 3.10 , 7.50 , 75.40 , 4.00 , 80.50 ," 179,500 ", 895 , 2.61 , 0.90 , 2.66 , 7.50 , 88.10 , 75.30 , 87.50 , 26.40 , 12.50 , 12.80 , 57.50 , 53.70 ," 52,989 ", 15.10 , 14.52 , 72.5 
72,Perquimans,44,2, 0.33 , 0.01 ,21.35,47.14,31.51,78.65," 13,412 "," 13,463 ", 4.50 , 18.60 , 27.30 , 52.10 , 74.60 , 22.70 , 2.70 , 2.20 , 2.70 , 72.60 , 2.10 , 74.10 ," 169,900 ", 833 , 0.69 , 0.30 , 2.26 , 1.90 , 82.80 , 69.30 , 86.50 , 20.40 , 8.90 , 13.60 , 50.80 , 46.00 ," 45,915 ", 15.80 , 10.06 , 54.5 
73,Person,143,1, 0.36 , 0.00 ,25.6,49.14,25.27,74.41," 39,430 "," 39,490 ", 5.30 , 20.60 , 20.10 , 51.70 , 70.00 , 26.80 , 3.20 , 2.80 , 4.50 , 66.30 , 3.00 , 75.20 ," 117,100 ", 711 , 0.71 , 0.28 , 2.46 , 4.70 , 82.60 , 74.40 , 86.30 , 15.30 , 14.40 , 11.70 , 61.70 , 60.20 ," 48,811 ", 14.80 , 21.33 , 100.7 
74,Pitt,1173,6, 0.67 , 0.00 ,24.11,49.7,26.19,75.89," 174,417 "," 180,742 ", 5.70 , 21.20 , 13.90 , 53.10 , 59.10 , 35.90 , 5.00 , 2.90 , 6.50 , 54.10 , 4.70 , 52.40 ," 141,100 ", 778 , 1.49 , 0.57 , 2.47 , 7.00 , 87.70 , 78.20 , 89.40 , 31.80 , 8.90 , 11.80 , 64.00 , 60.70 ," 44,315 ", 23.20 , 34.38 , 277.2 
75,Polk,114,5, 0.55 , 0.02 ,23.92,42.38,33.7,76.08," 20,597 "," 20,724 ", 3.80 , 15.70 , 32.10 , 52.10 , 92.80 , 4.20 , 3.00 , 2.20 , 5.90 , 87.70 , 3.60 , 73.40 ," 212,300 ", 828 , 0.93 , 0.41 , 2.22 , 5.60 , 86.40 , 76.30 , 90.90 , 31.70 , 10.50 , 14.00 , 52.10 , 50.10 ," 48,834 ", 11.80 , 18.87 , 87.2 
76,Randolph,1719,34, 1.20 , 0.02 ,28.03,47.49,24.48,71.97," 142,898 "," 143,667 ", 5.60 , 22.20 , 18.10 , 50.70 , 88.80 , 6.60 , 4.60 , 3.10 , 12.00 , 78.40 , 6.50 , 71.80 ," 120,800 ", 672 , 0.54 , 0.21 , 2.53 , 12.00 , 83.00 , 71.00 , 81.40 , 15.80 , 11.70 , 15.70 , 60.90 , 55.80 ," 45,006 ", 13.80 , 27.40 , 183.6 
77,Richmond,400,7, 0.91 , 0.02 ,24.47,47.65,27.87,75.52," 44,054 "," 44,829 ", 6.10 , 23.00 , 18.30 , 51.00 , 61.30 , 31.90 , 6.80 , 5.80 , 6.80 , 56.50 , 4.00 , 66.10 ," 80,100 ", 642 , 1.34 , 0.56 , 2.36 , 6.00 , 78.00 , 70.20 , 80.30 , 13.90 , 13.20 , 13.60 , 53.40 , 53.30 ," 36,091 ", 19.90 , 25.45 , 94.6 
78,Robeson,1942,46, 1.51 , 0.04 ,20.34,47.11,32.55,79.66," 128,515 "," 130,625 ", 6.60 , 24.70 , 15.70 , 51.80 , 30.60 , 23.60 , 45.80 , 45.10 , 9.20 , 24.70 , 4.20 , 65.00 ," 74,600 ", 626 , 0.93 , 0.33 , 2.83 , 7.80 , 71.70 , 54.20 , 77.10 , 13.20 , 11.50 , 18.50 , 50.30 , 47.30 ," 33,679 ", 24.50 , 24.27 , 137.6 
79,Rockingham,351,3, 0.39 , 0.00 ,25.36,45.9,28.74,74.64," 90,536 "," 91,010 ", 5.10 , 20.10 , 20.90 , 51.70 , 77.50 , 19.00 , 3.50 , 2.80 , 6.30 , 72.10 , 3.70 , 69.10 ," 111,400 ", 658 , 0.44 , 0.18 , 2.41 , 6.00 , 79.00 , 68.40 , 82.60 , 15.00 , 12.20 , 13.30 , 56.20 , 51.40 ," 42,490 ", 17.90 , 24.42 , 160.9 
80,Rowan,1700,45, 1.23 , 0.03 ,28.66,46.99,24.35,71.34," 138,411 "," 142,088 ", 5.80 , 22.10 , 17.90 , 50.60 , 79.40 , 16.90 , 3.70 , 2.50 , 9.40 , 71.40 , 4.50 , 69.10 ," 130,700 ", 758 , 0.89 , 0.33 , 2.59 , 9.10 , 85.70 , 76.60 , 85.30 , 18.70 , 11.10 , 13.60 , 59.40 , 55.40 ," 48,667 ", 16.30 , 31.77 , 277.9 
81,Rutherford,459,12, 0.69 , 0.02 ,25.05,46.45,28.49,74.94," 66,426 "," 67,029 ", 5.10 , 20.30 , 22.20 , 51.70 , 87.00 , 9.90 , 3.10 , 2.50 , 4.80 , 82.80 , 2.50 , 71.30 ," 114,800 ", 639 , 0.55 , 0.22 , 2.48 , 4.30 , 78.60 , 66.60 , 82.60 , 17.30 , 14.60 , 14.00 , 53.00 , 47.30 ," 40,347 ", 19.10 , 24.04 , 118.8 
82,Sampson,1303,8, 2.06 , 0.01 ,21.2,48.48,30.32,78.8," 63,157 "," 63,531 ", 6.50 , 24.30 , 18.30 , 50.80 , 66.60 , 26.60 , 6.80 , 6.20 , 20.60 , 50.30 , 9.80 , 68.80 ," 88,800 ", 651 , 0.59 , 0.22 , 2.66 , 16.90 , 79.00 , 59.60 , 77.70 , 12.80 , 13.80 , 18.80 , 58.50 , 51.90 ," 39,068 ", 22.80 , 20.92 , 67.2 
83,Scotland,188,2, 0.58 , 0.01 ,18.99,48.61,32.4,81.01," 32,508 "," 34,823 ", 6.60 , 23.10 , 18.80 , 50.40 , 44.60 , 38.90 , 16.50 , 15.60 , 3.30 , 42.50 , 2.30 , 61.30 ," 84,500 ", 662 , 0.18 , 0.07 , 2.49 , 3.80 , 74.90 , 58.10 , 79.80 , 15.50 , 12.10 , 14.50 , 49.30 , 49.40 ," 35,617 ", 26.90 , 27.49 , 109.2 
84,Stanly,657,5, 1.08 , 0.01 ,27.21,47.74,25.05,72.79," 60,948 "," 62,806 ", 5.80 , 21.50 , 19.30 , 50.10 , 84.40 , 11.40 , 4.20 , 2.20 , 4.40 , 80.80 , 3.00 , 73.50 ," 134,100 ", 712 , 1.62 , 0.61 , 2.49 , 5.90 , 85.90 , 77.30 , 85.10 , 15.80 , 10.80 , 13.00 , 61.10 , 56.80 ," 49,590 ", 13.20 , 26.32 , 159.0 
85,Stokes,198,1, 0.44 , 0.00 ,26.41,47.35,26.24,73.59," 45,388 "," 45,591 ", 4.50 , 18.50 , 21.80 , 51.00 , 93.70 , 4.10 , 2.20 , 1.80 , 3.30 , 90.90 , 1.50 , 77.70 ," 128,600 ", 650 , 0.50 , 0.21 , 2.35 , 2.90 , 80.10 , 67.50 , 83.50 , 13.30 , 10.40 , 12.40 , 58.20 , 52.00 ," 46,169 ", 12.10 , 13.47 , 101.6 
86,Surry,671,4, 0.93 , 0.01 ,27.2,44.06,28.74,72.8," 71,815 "," 71,783 ", 5.30 , 20.90 , 20.80 , 51.30 , 92.90 , 4.20 , 2.90 , 2.10 , 11.10 , 83.20 , 5.30 , 72.20 ," 121,000 ", 620 , 0.34 , 0.14 , 2.45 , 9.30 , 77.30 , 62.60 , 78.30 , 16.80 , 15.20 , 15.20 , 55.00 , 49.80 ," 41,068 ", 16.00 , 40.29 , 134.9 
87,Swain,80,2, 0.56 , 0.01 ,23.09,45.96,30.95,76.91," 14,220 "," 14,271 ", 6.10 , 22.00 , 19.60 , 52.10 , 63.10 , 1.20 , 35.70 , 35.00 , 5.80 , 60.70 , 2.70 , 71.40 ," 123,200 ", 634 , 1.41 , 0.54 , 2.57 , 4.90 , 66.50 , 50.90 , 78.30 , 16.00 , 12.50 , 19.30 , 53.50 , 50.50 ," 36,773 ", 15.20 , 24.83 , 27.0 
88,Transylvania,84,1, 0.25 , 0.00 ,22.6,43.66,33.74,77.4," 33,652 "," 34,385 ", 4.00 , 15.40 , 31.40 , 51.80 , 93.40 , 3.50 , 3.10 , 2.40 , 3.40 , 90.40 , 3.80 , 76.80 ," 211,300 ", 720 , 0.84 , 0.34 , 2.28 , 4.80 , 89.10 , 78.30 , 88.60 , 31.50 , 10.40 , 16.60 , 50.00 , 47.10 ," 46,629 ", 12.80 , 23.05 , 90.8 
89,Tyrrell,65,1, 1.85 , 0.03 ,15.25,52.66,32.09,84.75," 3,509 "," 4,016 ", 4.70 , 18.10 , 20.20 , 43.60 , 56.70 , 38.10 , 5.20 , 3.30 , 9.40 , 49.10 , 2.50 , 71.80 ," 109,900 ", 729 , 0.25 , 0.10 , 2.10 , 8.00 , 73.00 , 60.90 , 75.50 , 9.70 , 15.50 , 17.10 , 45.50 , 57.00 ," 35,472 ", 25.20 , 14.69 , 10.3 
90,Union,2190,32, 0.94 , 0.01 ,36.81,45.15,18.04,63.19," 234,089 "," 239,859 ", 5.60 , 26.40 , 13.00 , 50.70 , 81.10 , 12.50 , 6.40 , 2.80 , 11.50 , 71.10 , 9.00 , 80.50 ," 229,200 ", 984 , 2.16 , 0.68 , 2.99 , 14.20 , 93.30 , 89.20 , 89.80 , 34.80 , 6.30 , 12.30 , 67.50 , 59.80 ," 75,397 ", 7.00 , 24.74 , 379.8 
91,Vance,623,40, 1.40 , 0.09 ,19.98,47.9,32.13,80.03," 44,457 "," 44,535 ", 6.20 , 23.40 , 19.10 , 53.30 , 45.10 , 51.50 , 3.40 , 2.60 , 8.30 , 39.00 , 4.90 , 59.70 ," 97,700 ", 687 , 0.25 , 0.09 , 2.59 , 7.40 , 79.40 , 65.70 , 80.00 , 12.90 , 13.90 , 13.20 , 58.40 , 55.80 ," 37,282 ", 26.30 , 29.79 , 175.7 
92,Wake,8800,89, 0.82 , 0.01 ,31.73,49.54,18.74,68.28," 1,075,148 "," 1,111,761 ", 6.00 , 23.60 , 12.00 , 51.40 , 67.90 , 21.00 , 11.10 , 3.40 , 10.40 , 59.60 , 13.20 , 63.90 ," 265,800 "," 1,102 ", 2.50 , 0.88 , 2.62 , 16.90 , 95.50 , 89.70 , 92.70 , 51.80 , 5.80 , 10.00 , 70.40 , 64.60 ," 76,956 ", 8.40 , 43.08 ," 1,331.1 "
93,Warren,207,6, 1.08 , 0.03 ,15.82,50.62,33.55,84.17," 19,160 "," 19,731 ", 4.50 , 17.90 , 26.20 , 50.50 , 40.50 , 51.40 , 8.10 , 7.70 , 3.90 , 38.20 , 3.20 , 72.50 ," 95,000 ", 602 , 0.73 , 0.29 , 2.45 , 4.10 , 73.50 , 55.90 , 80.50 , 15.50 , 13.80 , 16.50 , 47.70 , 47.50 ," 35,962 ", 19.80 , 10.45 , 46.1 
94,Washington,67,3, 0.57 , 0.03 ,20.33,45.52,34.15,79.67," 11,849 "," 11,580 ", 5.10 , 19.90 , 25.30 , 52.80 , 47.70 , 48.90 , 3.40 , 3.00 , 5.60 , 44.20 , 2.50 , 63.20 ," 85,000 ", 646 , 0.16 , 0.07 , 2.37 , 3.40 , 71.60 , 58.10 , 79.90 , 11.30 , 16.80 , 12.80 , 47.90 , 41.40 ," 35,512 ", 21.10 , 23.87 , 33.3 
95,Watauga,176,0, 0.35 , -   ,28.21,50.66,21.13,71.79," 50,374 "," 56,177 ", 3.30 , 12.70 , 16.40 , 50.20 , 94.80 , 1.90 , 3.30 , 2.10 , 4.00 , 91.40 , 3.10 , 60.60 ," 239,400 ", 807 , 2.40 , 0.87 , 2.37 , 4.70 , 89.10 , 80.60 , 89.50 , 41.60 , 7.80 , 12.80 , 56.20 , 53.70 ," 45,268 ", 21.20 , 32.76 , 179.7 
96,Wayne,2100,34, 1.71 , 0.03 ,24.38,48.28,27.34,75.62," 122,647 "," 123,131 ", 6.60 , 23.60 , 16.90 , 51.30 , 62.80 , 32.40 , 4.80 , 3.50 , 12.40 , 52.70 , 7.70 , 61.50 ," 121,900 ", 750 , 0.67 , 0.26 , 2.51 , 13.50 , 85.00 , 75.90 , 84.10 , 19.50 , 12.20 , 14.80 , 58.10 , 54.70 ," 42,192 ", 20.20 , 27.26 , 222.6 
97,Wilkes,657,7, 0.96 , 0.01 ,25.16,46.07,28.76,74.83," 68,118 "," 68,412 ", 5.10 , 20.10 , 22.20 , 50.90 , 92.70 , 4.70 , 2.60 , 2.00 , 6.90 , 86.70 , 4.10 , 74.20 ," 124,000 ", 625 , 0.32 , 0.13 , 2.38 , 6.30 , 81.40 , 71.30 , 78.60 , 15.50 , 12.90 , 15.30 , 55.60 , 50.30 ," 40,829 ", 18.90 , 27.90 , 90.7 
98,Wilson,1128,28, 1.39 , 0.03 ,24.86,46.44,28.7,75.14," 80,922 "," 81,801 ", 5.90 , 22.70 , 18.70 , 52.60 , 55.80 , 40.50 , 3.70 , 2.40 , 10.80 , 46.80 , 6.20 , 59.00 ," 121,300 ", 751 , 0.56 , 0.22 , 2.48 , 10.40 , 82.20 , 73.70 , 80.30 , 19.60 , 11.40 , 14.70 , 59.20 , 56.00 ," 42,850 ", 21.10 , 38.81 , 222.2 
99,Yadkin,404,6, 1.08 , 0.02 ,26.94,44.51,28.55,73.06," 37,498 "," 37,667 ", 5.20 , 20.80 , 20.50 , 50.50 , 93.90 , 3.40 , 2.70 , 2.20 , 11.50 , 83.80 , 5.00 , 76.70 ," 125,800 ", 625 , 0.38 , 0.15 , 2.42 , 8.90 , 79.80 , 68.60 , 81.00 , 11.30 , 11.50 , 14.50 , 54.20 , 48.70 ," 42,876 ", 13.00 , 24.39 , 112.5 
100,Yancey,67,0, 0.37 , -   ,24.1,46.28,29.61,75.89," 17,870 "," 18,069 ", 4.70 , 18.20 , 26.30 , 50.80 , 96.40 , 1.10 , 2.50 , 2.20 , 5.50 , 92.00 , 3.10 , 74.30 ," 149,800 ", 620 , 0.92 , 0.38 , 2.37 , 4.40 , 74.80 , 64.20 , 84.20 , 20.00 , 12.80 , 15.10 , 52.50 , 47.10 ," 39,888 ", 17.80 , 19.31 , 57.8 
